anchor_id	case_id	x	y	z	block_spec	block_entity_id	expected_route	stable_optics
roster-sophisticatedbackpacks-backpack	registry-roster	196	100	196	sophisticatedbackpacks:backpack[battery=false,facing=north,left_tank=false,open=false,right_tank=false,waterlogged=false]	sophisticatedbackpacks:backpack	custom	registered-block-id,default-static-state
roster-sophisticatedbackpacks-copper-backpack	registry-roster	199	100	196	sophisticatedbackpacks:copper_backpack[battery=false,facing=north,left_tank=false,open=false,right_tank=false,waterlogged=false]	sophisticatedbackpacks:backpack	custom	registered-block-id,default-static-state
roster-sophisticatedbackpacks-diamond-backpack	registry-roster	202	100	196	sophisticatedbackpacks:diamond_backpack[battery=false,facing=north,left_tank=false,open=false,right_tank=false,waterlogged=false]	sophisticatedbackpacks:backpack	custom	registered-block-id,default-static-state
roster-sophisticatedbackpacks-gold-backpack	registry-roster	205	100	196	sophisticatedbackpacks:gold_backpack[battery=false,facing=north,left_tank=false,open=false,right_tank=false,waterlogged=false]	sophisticatedbackpacks:backpack	custom	registered-block-id,default-static-state
roster-sophisticatedbackpacks-iron-backpack	registry-roster	208	100	196	sophisticatedbackpacks:iron_backpack[battery=false,facing=north,left_tank=false,open=false,right_tank=false,waterlogged=false]	sophisticatedbackpacks:backpack	custom	registered-block-id,default-static-state
roster-sophisticatedbackpacks-netherite-backpack	registry-roster	211	100	196	sophisticatedbackpacks:netherite_backpack[battery=false,facing=north,left_tank=false,open=false,right_tank=false,waterlogged=false]	sophisticatedbackpacks:backpack	custom	registered-block-id,default-static-state
roster-sophisticatedstorage-acacia-storage-connector	registry-roster	214	100	196	sophisticatedstorage:acacia_storage_connector[opaque=true]	sophisticatedstorage:storage_connector	custom	registered-block-id,default-static-state
roster-sophisticatedstorage-bamboo-storage-connector	registry-roster	217	100	196	sophisticatedstorage:bamboo_storage_connector[opaque=true]	sophisticatedstorage:storage_connector	custom	registered-block-id,default-static-state
roster-sophisticatedstorage-barrel	registry-roster	220	100	196	sophisticatedstorage:barrel[facing=north,flat_top=false,opaque=true,open=false,ticking=false]	sophisticatedstorage:barrel	custom	registered-block-id,default-static-state
roster-sophisticatedstorage-birch-storage-connector	registry-roster	223	100	196	sophisticatedstorage:birch_storage_connector[opaque=true]	sophisticatedstorage:storage_connector	custom	registered-block-id,default-static-state
roster-sophisticatedstorage-cherry-storage-connector	registry-roster	226	100	196	sophisticatedstorage:cherry_storage_connector[opaque=true]	sophisticatedstorage:storage_connector	custom	registered-block-id,default-static-state
roster-sophisticatedstorage-chest	registry-roster	229	100	196	sophisticatedstorage:chest[facing=north,ticking=false,type=single,waterlogged=false]	sophisticatedstorage:chest	custom	registered-block-id,default-static-state
roster-sophisticatedstorage-controller	registry-roster	232	100	196	sophisticatedstorage:controller[opaque=true]	sophisticatedstorage:controller	custom	registered-block-id,default-static-state
roster-sophisticatedstorage-copper-barrel	registry-roster	235	100	196	sophisticatedstorage:copper_barrel[facing=north,flat_top=false,opaque=true,open=false,ticking=false]	sophisticatedstorage:barrel	custom	registered-block-id,default-static-state
roster-sophisticatedstorage-copper-chest	registry-roster	238	100	196	sophisticatedstorage:copper_chest[facing=north,ticking=false,type=single,waterlogged=false]	sophisticatedstorage:chest	custom	registered-block-id,default-static-state
roster-sophisticatedstorage-copper-shulker-box	registry-roster	241	100	196	sophisticatedstorage:copper_shulker_box[facing=up]	sophisticatedstorage:shulker_box	custom	registered-block-id,default-static-state
roster-sophisticatedstorage-crimson-storage-connector	registry-roster	244	100	196	sophisticatedstorage:crimson_storage_connector[opaque=true]	sophisticatedstorage:storage_connector	custom	registered-block-id,default-static-state
roster-sophisticatedstorage-dark-oak-storage-connector	registry-roster	247	100	196	sophisticatedstorage:dark_oak_storage_connector[opaque=true]	sophisticatedstorage:storage_connector	custom	registered-block-id,default-static-state
roster-sophisticatedstorage-decoration-table	registry-roster	250	100	196	sophisticatedstorage:decoration_table[facing=north]	sophisticatedstorage:decoration_table	custom	registered-block-id,default-static-state
roster-sophisticatedstorage-diamond-barrel	registry-roster	253	100	196	sophisticatedstorage:diamond_barrel[facing=north,flat_top=false,opaque=true,open=false,ticking=false]	sophisticatedstorage:barrel	custom	registered-block-id,default-static-state
roster-sophisticatedstorage-diamond-chest	registry-roster	256	100	196	sophisticatedstorage:diamond_chest[facing=north,ticking=false,type=single,waterlogged=false]	sophisticatedstorage:chest	custom	registered-block-id,default-static-state
roster-sophisticatedstorage-diamond-shulker-box	registry-roster	259	100	196	sophisticatedstorage:diamond_shulker_box[facing=up]	sophisticatedstorage:shulker_box	custom	registered-block-id,default-static-state
roster-sophisticatedstorage-gold-barrel	registry-roster	196	100	199	sophisticatedstorage:gold_barrel[facing=north,flat_top=false,opaque=true,open=false,ticking=false]	sophisticatedstorage:barrel	custom	registered-block-id,default-static-state
roster-sophisticatedstorage-gold-chest	registry-roster	199	100	199	sophisticatedstorage:gold_chest[facing=north,ticking=false,type=single,waterlogged=false]	sophisticatedstorage:chest	custom	registered-block-id,default-static-state
roster-sophisticatedstorage-gold-shulker-box	registry-roster	202	100	199	sophisticatedstorage:gold_shulker_box[facing=up]	sophisticatedstorage:shulker_box	custom	registered-block-id,default-static-state
roster-sophisticatedstorage-iron-barrel	registry-roster	205	100	199	sophisticatedstorage:iron_barrel[facing=north,flat_top=false,opaque=true,open=false,ticking=false]	sophisticatedstorage:barrel	custom	registered-block-id,default-static-state
roster-sophisticatedstorage-iron-chest	registry-roster	208	100	199	sophisticatedstorage:iron_chest[facing=north,ticking=false,type=single,waterlogged=false]	sophisticatedstorage:chest	custom	registered-block-id,default-static-state
roster-sophisticatedstorage-iron-shulker-box	registry-roster	211	100	199	sophisticatedstorage:iron_shulker_box[facing=up]	sophisticatedstorage:shulker_box	custom	registered-block-id,default-static-state
roster-sophisticatedstorage-jungle-storage-connector	registry-roster	214	100	199	sophisticatedstorage:jungle_storage_connector[opaque=true]	sophisticatedstorage:storage_connector	custom	registered-block-id,default-static-state
roster-sophisticatedstorage-limited-barrel-1	registry-roster	217	100	199	sophisticatedstorage:limited_barrel_1[facing=north,flat_top=false,opaque=true,ticking=false,vertical_facing=no]	sophisticatedstorage:limited_barrel	custom	registered-block-id,default-static-state
roster-sophisticatedstorage-limited-barrel-2	registry-roster	220	100	199	sophisticatedstorage:limited_barrel_2[facing=north,flat_top=false,opaque=true,ticking=false,vertical_facing=no]	sophisticatedstorage:limited_barrel	custom	registered-block-id,default-static-state
roster-sophisticatedstorage-limited-barrel-3	registry-roster	223	100	199	sophisticatedstorage:limited_barrel_3[facing=north,flat_top=false,opaque=true,ticking=false,vertical_facing=no]	sophisticatedstorage:limited_barrel	custom	registered-block-id,default-static-state
roster-sophisticatedstorage-limited-barrel-4	registry-roster	226	100	199	sophisticatedstorage:limited_barrel_4[facing=north,flat_top=false,opaque=true,ticking=false,vertical_facing=no]	sophisticatedstorage:limited_barrel	custom	registered-block-id,default-static-state
roster-sophisticatedstorage-limited-copper-barrel-1	registry-roster	229	100	199	sophisticatedstorage:limited_copper_barrel_1[facing=north,flat_top=false,opaque=true,ticking=false,vertical_facing=no]	sophisticatedstorage:limited_barrel	custom	registered-block-id,default-static-state
roster-sophisticatedstorage-limited-copper-barrel-2	registry-roster	232	100	199	sophisticatedstorage:limited_copper_barrel_2[facing=north,flat_top=false,opaque=true,ticking=false,vertical_facing=no]	sophisticatedstorage:limited_barrel	custom	registered-block-id,default-static-state
roster-sophisticatedstorage-limited-copper-barrel-3	registry-roster	235	100	199	sophisticatedstorage:limited_copper_barrel_3[facing=north,flat_top=false,opaque=true,ticking=false,vertical_facing=no]	sophisticatedstorage:limited_barrel	custom	registered-block-id,default-static-state
roster-sophisticatedstorage-limited-copper-barrel-4	registry-roster	238	100	199	sophisticatedstorage:limited_copper_barrel_4[facing=north,flat_top=false,opaque=true,ticking=false,vertical_facing=no]	sophisticatedstorage:limited_barrel	custom	registered-block-id,default-static-state
roster-sophisticatedstorage-limited-diamond-barrel-1	registry-roster	241	100	199	sophisticatedstorage:limited_diamond_barrel_1[facing=north,flat_top=false,opaque=true,ticking=false,vertical_facing=no]	sophisticatedstorage:limited_barrel	custom	registered-block-id,default-static-state
roster-sophisticatedstorage-limited-diamond-barrel-2	registry-roster	244	100	199	sophisticatedstorage:limited_diamond_barrel_2[facing=north,flat_top=false,opaque=true,ticking=false,vertical_facing=no]	sophisticatedstorage:limited_barrel	custom	registered-block-id,default-static-state
roster-sophisticatedstorage-limited-diamond-barrel-3	registry-roster	247	100	199	sophisticatedstorage:limited_diamond_barrel_3[facing=north,flat_top=false,opaque=true,ticking=false,vertical_facing=no]	sophisticatedstorage:limited_barrel	custom	registered-block-id,default-static-state
roster-sophisticatedstorage-limited-diamond-barrel-4	registry-roster	250	100	199	sophisticatedstorage:limited_diamond_barrel_4[facing=north,flat_top=false,opaque=true,ticking=false,vertical_facing=no]	sophisticatedstorage:limited_barrel	custom	registered-block-id,default-static-state
roster-sophisticatedstorage-limited-gold-barrel-1	registry-roster	253	100	199	sophisticatedstorage:limited_gold_barrel_1[facing=north,flat_top=false,opaque=true,ticking=false,vertical_facing=no]	sophisticatedstorage:limited_barrel	custom	registered-block-id,default-static-state
roster-sophisticatedstorage-limited-gold-barrel-2	registry-roster	256	100	199	sophisticatedstorage:limited_gold_barrel_2[facing=north,flat_top=false,opaque=true,ticking=false,vertical_facing=no]	sophisticatedstorage:limited_barrel	custom	registered-block-id,default-static-state
roster-sophisticatedstorage-limited-gold-barrel-3	registry-roster	259	100	199	sophisticatedstorage:limited_gold_barrel_3[facing=north,flat_top=false,opaque=true,ticking=false,vertical_facing=no]	sophisticatedstorage:limited_barrel	custom	registered-block-id,default-static-state
roster-sophisticatedstorage-limited-gold-barrel-4	registry-roster	196	100	202	sophisticatedstorage:limited_gold_barrel_4[facing=north,flat_top=false,opaque=true,ticking=false,vertical_facing=no]	sophisticatedstorage:limited_barrel	custom	registered-block-id,default-static-state
roster-sophisticatedstorage-limited-iron-barrel-1	registry-roster	199	100	202	sophisticatedstorage:limited_iron_barrel_1[facing=north,flat_top=false,opaque=true,ticking=false,vertical_facing=no]	sophisticatedstorage:limited_barrel	custom	registered-block-id,default-static-state
roster-sophisticatedstorage-limited-iron-barrel-2	registry-roster	202	100	202	sophisticatedstorage:limited_iron_barrel_2[facing=north,flat_top=false,opaque=true,ticking=false,vertical_facing=no]	sophisticatedstorage:limited_barrel	custom	registered-block-id,default-static-state
roster-sophisticatedstorage-limited-iron-barrel-3	registry-roster	205	100	202	sophisticatedstorage:limited_iron_barrel_3[facing=north,flat_top=false,opaque=true,ticking=false,vertical_facing=no]	sophisticatedstorage:limited_barrel	custom	registered-block-id,default-static-state
roster-sophisticatedstorage-limited-iron-barrel-4	registry-roster	208	100	202	sophisticatedstorage:limited_iron_barrel_4[facing=north,flat_top=false,opaque=true,ticking=false,vertical_facing=no]	sophisticatedstorage:limited_barrel	custom	registered-block-id,default-static-state
roster-sophisticatedstorage-limited-netherite-barrel-1	registry-roster	211	100	202	sophisticatedstorage:limited_netherite_barrel_1[facing=north,flat_top=false,opaque=true,ticking=false,vertical_facing=no]	sophisticatedstorage:limited_barrel	custom	registered-block-id,default-static-state
roster-sophisticatedstorage-limited-netherite-barrel-2	registry-roster	214	100	202	sophisticatedstorage:limited_netherite_barrel_2[facing=north,flat_top=false,opaque=true,ticking=false,vertical_facing=no]	sophisticatedstorage:limited_barrel	custom	registered-block-id,default-static-state
roster-sophisticatedstorage-limited-netherite-barrel-3	registry-roster	217	100	202	sophisticatedstorage:limited_netherite_barrel_3[facing=north,flat_top=false,opaque=true,ticking=false,vertical_facing=no]	sophisticatedstorage:limited_barrel	custom	registered-block-id,default-static-state
roster-sophisticatedstorage-limited-netherite-barrel-4	registry-roster	220	100	202	sophisticatedstorage:limited_netherite_barrel_4[facing=north,flat_top=false,opaque=true,ticking=false,vertical_facing=no]	sophisticatedstorage:limited_barrel	custom	registered-block-id,default-static-state
roster-sophisticatedstorage-mangrove-storage-connector	registry-roster	223	100	202	sophisticatedstorage:mangrove_storage_connector[opaque=true]	sophisticatedstorage:storage_connector	custom	registered-block-id,default-static-state
roster-sophisticatedstorage-netherite-barrel	registry-roster	226	100	202	sophisticatedstorage:netherite_barrel[facing=north,flat_top=false,opaque=true,open=false,ticking=false]	sophisticatedstorage:barrel	custom	registered-block-id,default-static-state
roster-sophisticatedstorage-netherite-chest	registry-roster	229	100	202	sophisticatedstorage:netherite_chest[facing=north,ticking=false,type=single,waterlogged=false]	sophisticatedstorage:chest	custom	registered-block-id,default-static-state
roster-sophisticatedstorage-netherite-shulker-box	registry-roster	232	100	202	sophisticatedstorage:netherite_shulker_box[facing=up]	sophisticatedstorage:shulker_box	custom	registered-block-id,default-static-state
roster-sophisticatedstorage-oak-storage-connector	registry-roster	235	100	202	sophisticatedstorage:oak_storage_connector[opaque=true]	sophisticatedstorage:storage_connector	custom	registered-block-id,default-static-state
roster-sophisticatedstorage-shulker-box	registry-roster	238	100	202	sophisticatedstorage:shulker_box[facing=up]	sophisticatedstorage:shulker_box	custom	registered-block-id,default-static-state
roster-sophisticatedstorage-spruce-storage-connector	registry-roster	241	100	202	sophisticatedstorage:spruce_storage_connector[opaque=true]	sophisticatedstorage:storage_connector	custom	registered-block-id,default-static-state
roster-sophisticatedstorage-storage-input	registry-roster	244	100	202	sophisticatedstorage:storage_input[opaque=true]	sophisticatedstorage:storage_input	custom	registered-block-id,default-static-state
roster-sophisticatedstorage-storage-io	registry-roster	247	100	202	sophisticatedstorage:storage_io[opaque=true]	sophisticatedstorage:storage_io	custom	registered-block-id,default-static-state
roster-sophisticatedstorage-storage-link	registry-roster	250	100	202	sophisticatedstorage:storage_link[facing=up,opaque=true]	sophisticatedstorage:storage_link	custom	registered-block-id,default-static-state
roster-sophisticatedstorage-storage-output	registry-roster	253	100	202	sophisticatedstorage:storage_output[opaque=true]	sophisticatedstorage:storage_output	custom	registered-block-id,default-static-state
roster-sophisticatedstorage-warped-storage-connector	registry-roster	256	100	202	sophisticatedstorage:warped_storage_connector[opaque=true]	sophisticatedstorage:storage_connector	custom	registered-block-id,default-static-state
barrel-orientation-north-flat-false	regular-barrel-orientation-flat-top	259	100	202	sophisticatedstorage:netherite_barrel[facing=north,flat_top=false,opaque=true,open=false,ticking=false]	sophisticatedstorage:barrel	custom	facing,flat-top,tier
barrel-orientation-north-flat-true	regular-barrel-orientation-flat-top	196	100	205	sophisticatedstorage:netherite_barrel[facing=north,flat_top=true,opaque=true,open=false,ticking=false]	sophisticatedstorage:barrel	custom	facing,flat-top,tier
barrel-orientation-east-flat-false	regular-barrel-orientation-flat-top	199	100	205	sophisticatedstorage:netherite_barrel[facing=east,flat_top=false,opaque=true,open=false,ticking=false]	sophisticatedstorage:barrel	custom	facing,flat-top,tier
barrel-orientation-east-flat-true	regular-barrel-orientation-flat-top	202	100	205	sophisticatedstorage:netherite_barrel[facing=east,flat_top=true,opaque=true,open=false,ticking=false]	sophisticatedstorage:barrel	custom	facing,flat-top,tier
barrel-orientation-south-flat-false	regular-barrel-orientation-flat-top	205	100	205	sophisticatedstorage:netherite_barrel[facing=south,flat_top=false,opaque=true,open=false,ticking=false]	sophisticatedstorage:barrel	custom	facing,flat-top,tier
barrel-orientation-south-flat-true	regular-barrel-orientation-flat-top	208	100	205	sophisticatedstorage:netherite_barrel[facing=south,flat_top=true,opaque=true,open=false,ticking=false]	sophisticatedstorage:barrel	custom	facing,flat-top,tier
barrel-orientation-west-flat-false	regular-barrel-orientation-flat-top	211	100	205	sophisticatedstorage:netherite_barrel[facing=west,flat_top=false,opaque=true,open=false,ticking=false]	sophisticatedstorage:barrel	custom	facing,flat-top,tier
barrel-orientation-west-flat-true	regular-barrel-orientation-flat-top	214	100	205	sophisticatedstorage:netherite_barrel[facing=west,flat_top=true,opaque=true,open=false,ticking=false]	sophisticatedstorage:barrel	custom	facing,flat-top,tier
barrel-orientation-up-flat-false	regular-barrel-orientation-flat-top	217	100	205	sophisticatedstorage:netherite_barrel[facing=up,flat_top=false,opaque=true,open=false,ticking=false]	sophisticatedstorage:barrel	custom	facing,flat-top,tier
barrel-orientation-up-flat-true	regular-barrel-orientation-flat-top	220	100	205	sophisticatedstorage:netherite_barrel[facing=up,flat_top=true,opaque=true,open=false,ticking=false]	sophisticatedstorage:barrel	custom	facing,flat-top,tier
barrel-orientation-down-flat-false	regular-barrel-orientation-flat-top	223	100	205	sophisticatedstorage:netherite_barrel[facing=down,flat_top=false,opaque=true,open=false,ticking=false]	sophisticatedstorage:barrel	custom	facing,flat-top,tier
barrel-orientation-down-flat-true	regular-barrel-orientation-flat-top	226	100	205	sophisticatedstorage:netherite_barrel[facing=down,flat_top=true,opaque=true,open=false,ticking=false]	sophisticatedstorage:barrel	custom	facing,flat-top,tier
limited-orientation-north-no-flat-false	limited-barrel-orientation-flat-top	229	100	205	sophisticatedstorage:limited_netherite_barrel_4[facing=north,flat_top=false,opaque=true,ticking=false,vertical_facing=no]	sophisticatedstorage:limited_barrel	custom	horizontal-facing,vertical-facing,flat-top,slot-layout
limited-orientation-north-no-flat-true	limited-barrel-orientation-flat-top	232	100	205	sophisticatedstorage:limited_netherite_barrel_4[facing=north,flat_top=true,opaque=true,ticking=false,vertical_facing=no]	sophisticatedstorage:limited_barrel	custom	horizontal-facing,vertical-facing,flat-top,slot-layout
limited-orientation-north-up-flat-false	limited-barrel-orientation-flat-top	235	100	205	sophisticatedstorage:limited_netherite_barrel_4[facing=north,flat_top=false,opaque=true,ticking=false,vertical_facing=up]	sophisticatedstorage:limited_barrel	custom	horizontal-facing,vertical-facing,flat-top,slot-layout
limited-orientation-north-up-flat-true	limited-barrel-orientation-flat-top	238	100	205	sophisticatedstorage:limited_netherite_barrel_4[facing=north,flat_top=true,opaque=true,ticking=false,vertical_facing=up]	sophisticatedstorage:limited_barrel	custom	horizontal-facing,vertical-facing,flat-top,slot-layout
limited-orientation-north-down-flat-false	limited-barrel-orientation-flat-top	241	100	205	sophisticatedstorage:limited_netherite_barrel_4[facing=north,flat_top=false,opaque=true,ticking=false,vertical_facing=down]	sophisticatedstorage:limited_barrel	custom	horizontal-facing,vertical-facing,flat-top,slot-layout
limited-orientation-north-down-flat-true	limited-barrel-orientation-flat-top	244	100	205	sophisticatedstorage:limited_netherite_barrel_4[facing=north,flat_top=true,opaque=true,ticking=false,vertical_facing=down]	sophisticatedstorage:limited_barrel	custom	horizontal-facing,vertical-facing,flat-top,slot-layout
limited-orientation-east-no-flat-false	limited-barrel-orientation-flat-top	247	100	205	sophisticatedstorage:limited_netherite_barrel_4[facing=east,flat_top=false,opaque=true,ticking=false,vertical_facing=no]	sophisticatedstorage:limited_barrel	custom	horizontal-facing,vertical-facing,flat-top,slot-layout
limited-orientation-east-no-flat-true	limited-barrel-orientation-flat-top	250	100	205	sophisticatedstorage:limited_netherite_barrel_4[facing=east,flat_top=true,opaque=true,ticking=false,vertical_facing=no]	sophisticatedstorage:limited_barrel	custom	horizontal-facing,vertical-facing,flat-top,slot-layout
limited-orientation-east-up-flat-false	limited-barrel-orientation-flat-top	253	100	205	sophisticatedstorage:limited_netherite_barrel_4[facing=east,flat_top=false,opaque=true,ticking=false,vertical_facing=up]	sophisticatedstorage:limited_barrel	custom	horizontal-facing,vertical-facing,flat-top,slot-layout
limited-orientation-east-up-flat-true	limited-barrel-orientation-flat-top	256	100	205	sophisticatedstorage:limited_netherite_barrel_4[facing=east,flat_top=true,opaque=true,ticking=false,vertical_facing=up]	sophisticatedstorage:limited_barrel	custom	horizontal-facing,vertical-facing,flat-top,slot-layout
limited-orientation-east-down-flat-false	limited-barrel-orientation-flat-top	259	100	205	sophisticatedstorage:limited_netherite_barrel_4[facing=east,flat_top=false,opaque=true,ticking=false,vertical_facing=down]	sophisticatedstorage:limited_barrel	custom	horizontal-facing,vertical-facing,flat-top,slot-layout
limited-orientation-east-down-flat-true	limited-barrel-orientation-flat-top	196	100	208	sophisticatedstorage:limited_netherite_barrel_4[facing=east,flat_top=true,opaque=true,ticking=false,vertical_facing=down]	sophisticatedstorage:limited_barrel	custom	horizontal-facing,vertical-facing,flat-top,slot-layout
limited-orientation-south-no-flat-false	limited-barrel-orientation-flat-top	199	100	208	sophisticatedstorage:limited_netherite_barrel_4[facing=south,flat_top=false,opaque=true,ticking=false,vertical_facing=no]	sophisticatedstorage:limited_barrel	custom	horizontal-facing,vertical-facing,flat-top,slot-layout
limited-orientation-south-no-flat-true	limited-barrel-orientation-flat-top	202	100	208	sophisticatedstorage:limited_netherite_barrel_4[facing=south,flat_top=true,opaque=true,ticking=false,vertical_facing=no]	sophisticatedstorage:limited_barrel	custom	horizontal-facing,vertical-facing,flat-top,slot-layout
limited-orientation-south-up-flat-false	limited-barrel-orientation-flat-top	205	100	208	sophisticatedstorage:limited_netherite_barrel_4[facing=south,flat_top=false,opaque=true,ticking=false,vertical_facing=up]	sophisticatedstorage:limited_barrel	custom	horizontal-facing,vertical-facing,flat-top,slot-layout
limited-orientation-south-up-flat-true	limited-barrel-orientation-flat-top	208	100	208	sophisticatedstorage:limited_netherite_barrel_4[facing=south,flat_top=true,opaque=true,ticking=false,vertical_facing=up]	sophisticatedstorage:limited_barrel	custom	horizontal-facing,vertical-facing,flat-top,slot-layout
limited-orientation-south-down-flat-false	limited-barrel-orientation-flat-top	211	100	208	sophisticatedstorage:limited_netherite_barrel_4[facing=south,flat_top=false,opaque=true,ticking=false,vertical_facing=down]	sophisticatedstorage:limited_barrel	custom	horizontal-facing,vertical-facing,flat-top,slot-layout
limited-orientation-south-down-flat-true	limited-barrel-orientation-flat-top	214	100	208	sophisticatedstorage:limited_netherite_barrel_4[facing=south,flat_top=true,opaque=true,ticking=false,vertical_facing=down]	sophisticatedstorage:limited_barrel	custom	horizontal-facing,vertical-facing,flat-top,slot-layout
limited-orientation-west-no-flat-false	limited-barrel-orientation-flat-top	217	100	208	sophisticatedstorage:limited_netherite_barrel_4[facing=west,flat_top=false,opaque=true,ticking=false,vertical_facing=no]	sophisticatedstorage:limited_barrel	custom	horizontal-facing,vertical-facing,flat-top,slot-layout
limited-orientation-west-no-flat-true	limited-barrel-orientation-flat-top	220	100	208	sophisticatedstorage:limited_netherite_barrel_4[facing=west,flat_top=true,opaque=true,ticking=false,vertical_facing=no]	sophisticatedstorage:limited_barrel	custom	horizontal-facing,vertical-facing,flat-top,slot-layout
limited-orientation-west-up-flat-false	limited-barrel-orientation-flat-top	223	100	208	sophisticatedstorage:limited_netherite_barrel_4[facing=west,flat_top=false,opaque=true,ticking=false,vertical_facing=up]	sophisticatedstorage:limited_barrel	custom	horizontal-facing,vertical-facing,flat-top,slot-layout
limited-orientation-west-up-flat-true	limited-barrel-orientation-flat-top	226	100	208	sophisticatedstorage:limited_netherite_barrel_4[facing=west,flat_top=true,opaque=true,ticking=false,vertical_facing=up]	sophisticatedstorage:limited_barrel	custom	horizontal-facing,vertical-facing,flat-top,slot-layout
limited-orientation-west-down-flat-false	limited-barrel-orientation-flat-top	229	100	208	sophisticatedstorage:limited_netherite_barrel_4[facing=west,flat_top=false,opaque=true,ticking=false,vertical_facing=down]	sophisticatedstorage:limited_barrel	custom	horizontal-facing,vertical-facing,flat-top,slot-layout
limited-orientation-west-down-flat-true	limited-barrel-orientation-flat-top	232	100	208	sophisticatedstorage:limited_netherite_barrel_4[facing=west,flat_top=true,opaque=true,ticking=false,vertical_facing=down]	sophisticatedstorage:limited_barrel	custom	horizontal-facing,vertical-facing,flat-top,slot-layout
chest-single-north	chest-single-orientation	235	100	208	sophisticatedstorage:chest[facing=north,ticking=false,type=single,waterlogged=false]	sophisticatedstorage:chest	custom	facing,single-topology
chest-single-east	chest-single-orientation	238	100	208	sophisticatedstorage:chest[facing=east,ticking=false,type=single,waterlogged=false]	sophisticatedstorage:chest	custom	facing,single-topology
chest-single-south	chest-single-orientation	241	100	208	sophisticatedstorage:chest[facing=south,ticking=false,type=single,waterlogged=false]	sophisticatedstorage:chest	custom	facing,single-topology
chest-single-west	chest-single-orientation	244	100	208	sophisticatedstorage:chest[facing=west,ticking=false,type=single,waterlogged=false]	sophisticatedstorage:chest	custom	facing,single-topology
chest-double-wood-north-right-main	chest-double-topology	247	100	208	sophisticatedstorage:chest[facing=north,ticking=false,type=right,waterlogged=false]	sophisticatedstorage:chest	custom	tier,facing,right-main-half
chest-double-wood-north-left-secondary	chest-double-topology	246	100	208	sophisticatedstorage:chest[facing=north,ticking=false,type=left,waterlogged=false]	sophisticatedstorage:chest	custom	tier,facing,left-secondary-half
chest-double-wood-east-right-main	chest-double-topology	250	100	208	sophisticatedstorage:chest[facing=east,ticking=false,type=right,waterlogged=false]	sophisticatedstorage:chest	custom	tier,facing,right-main-half
chest-double-wood-east-left-secondary	chest-double-topology	250	100	207	sophisticatedstorage:chest[facing=east,ticking=false,type=left,waterlogged=false]	sophisticatedstorage:chest	custom	tier,facing,left-secondary-half
chest-double-wood-south-right-main	chest-double-topology	253	100	208	sophisticatedstorage:chest[facing=south,ticking=false,type=right,waterlogged=false]	sophisticatedstorage:chest	custom	tier,facing,right-main-half
chest-double-wood-south-left-secondary	chest-double-topology	254	100	208	sophisticatedstorage:chest[facing=south,ticking=false,type=left,waterlogged=false]	sophisticatedstorage:chest	custom	tier,facing,left-secondary-half
chest-double-wood-west-right-main	chest-double-topology	256	100	208	sophisticatedstorage:chest[facing=west,ticking=false,type=right,waterlogged=false]	sophisticatedstorage:chest	custom	tier,facing,right-main-half
chest-double-wood-west-left-secondary	chest-double-topology	256	100	209	sophisticatedstorage:chest[facing=west,ticking=false,type=left,waterlogged=false]	sophisticatedstorage:chest	custom	tier,facing,left-secondary-half
chest-double-copper-north-right-main	chest-double-topology	259	100	208	sophisticatedstorage:copper_chest[facing=north,ticking=false,type=right,waterlogged=false]	sophisticatedstorage:chest	custom	tier,facing,right-main-half
chest-double-copper-north-left-secondary	chest-double-topology	258	100	208	sophisticatedstorage:copper_chest[facing=north,ticking=false,type=left,waterlogged=false]	sophisticatedstorage:chest	custom	tier,facing,left-secondary-half
chest-double-copper-east-right-main	chest-double-topology	196	100	211	sophisticatedstorage:copper_chest[facing=east,ticking=false,type=right,waterlogged=false]	sophisticatedstorage:chest	custom	tier,facing,right-main-half
chest-double-copper-east-left-secondary	chest-double-topology	196	100	210	sophisticatedstorage:copper_chest[facing=east,ticking=false,type=left,waterlogged=false]	sophisticatedstorage:chest	custom	tier,facing,left-secondary-half
chest-double-copper-south-right-main	chest-double-topology	199	100	211	sophisticatedstorage:copper_chest[facing=south,ticking=false,type=right,waterlogged=false]	sophisticatedstorage:chest	custom	tier,facing,right-main-half
chest-double-copper-south-left-secondary	chest-double-topology	200	100	211	sophisticatedstorage:copper_chest[facing=south,ticking=false,type=left,waterlogged=false]	sophisticatedstorage:chest	custom	tier,facing,left-secondary-half
chest-double-copper-west-right-main	chest-double-topology	202	100	211	sophisticatedstorage:copper_chest[facing=west,ticking=false,type=right,waterlogged=false]	sophisticatedstorage:chest	custom	tier,facing,right-main-half
chest-double-copper-west-left-secondary	chest-double-topology	202	100	212	sophisticatedstorage:copper_chest[facing=west,ticking=false,type=left,waterlogged=false]	sophisticatedstorage:chest	custom	tier,facing,left-secondary-half
chest-double-iron-north-right-main	chest-double-topology	205	100	211	sophisticatedstorage:iron_chest[facing=north,ticking=false,type=right,waterlogged=false]	sophisticatedstorage:chest	custom	tier,facing,right-main-half
chest-double-iron-north-left-secondary	chest-double-topology	204	100	211	sophisticatedstorage:iron_chest[facing=north,ticking=false,type=left,waterlogged=false]	sophisticatedstorage:chest	custom	tier,facing,left-secondary-half
chest-double-iron-east-right-main	chest-double-topology	208	100	211	sophisticatedstorage:iron_chest[facing=east,ticking=false,type=right,waterlogged=false]	sophisticatedstorage:chest	custom	tier,facing,right-main-half
chest-double-iron-east-left-secondary	chest-double-topology	208	100	210	sophisticatedstorage:iron_chest[facing=east,ticking=false,type=left,waterlogged=false]	sophisticatedstorage:chest	custom	tier,facing,left-secondary-half
chest-double-iron-south-right-main	chest-double-topology	211	100	211	sophisticatedstorage:iron_chest[facing=south,ticking=false,type=right,waterlogged=false]	sophisticatedstorage:chest	custom	tier,facing,right-main-half
chest-double-iron-south-left-secondary	chest-double-topology	212	100	211	sophisticatedstorage:iron_chest[facing=south,ticking=false,type=left,waterlogged=false]	sophisticatedstorage:chest	custom	tier,facing,left-secondary-half
chest-double-iron-west-right-main	chest-double-topology	214	100	211	sophisticatedstorage:iron_chest[facing=west,ticking=false,type=right,waterlogged=false]	sophisticatedstorage:chest	custom	tier,facing,right-main-half
chest-double-iron-west-left-secondary	chest-double-topology	214	100	212	sophisticatedstorage:iron_chest[facing=west,ticking=false,type=left,waterlogged=false]	sophisticatedstorage:chest	custom	tier,facing,left-secondary-half
chest-double-gold-north-right-main	chest-double-topology	217	100	211	sophisticatedstorage:gold_chest[facing=north,ticking=false,type=right,waterlogged=false]	sophisticatedstorage:chest	custom	tier,facing,right-main-half
chest-double-gold-north-left-secondary	chest-double-topology	216	100	211	sophisticatedstorage:gold_chest[facing=north,ticking=false,type=left,waterlogged=false]	sophisticatedstorage:chest	custom	tier,facing,left-secondary-half
chest-double-gold-east-right-main	chest-double-topology	220	100	211	sophisticatedstorage:gold_chest[facing=east,ticking=false,type=right,waterlogged=false]	sophisticatedstorage:chest	custom	tier,facing,right-main-half
chest-double-gold-east-left-secondary	chest-double-topology	220	100	210	sophisticatedstorage:gold_chest[facing=east,ticking=false,type=left,waterlogged=false]	sophisticatedstorage:chest	custom	tier,facing,left-secondary-half
chest-double-gold-south-right-main	chest-double-topology	223	100	211	sophisticatedstorage:gold_chest[facing=south,ticking=false,type=right,waterlogged=false]	sophisticatedstorage:chest	custom	tier,facing,right-main-half
chest-double-gold-south-left-secondary	chest-double-topology	224	100	211	sophisticatedstorage:gold_chest[facing=south,ticking=false,type=left,waterlogged=false]	sophisticatedstorage:chest	custom	tier,facing,left-secondary-half
chest-double-gold-west-right-main	chest-double-topology	226	100	211	sophisticatedstorage:gold_chest[facing=west,ticking=false,type=right,waterlogged=false]	sophisticatedstorage:chest	custom	tier,facing,right-main-half
chest-double-gold-west-left-secondary	chest-double-topology	226	100	212	sophisticatedstorage:gold_chest[facing=west,ticking=false,type=left,waterlogged=false]	sophisticatedstorage:chest	custom	tier,facing,left-secondary-half
chest-double-diamond-north-right-main	chest-double-topology	229	100	211	sophisticatedstorage:diamond_chest[facing=north,ticking=false,type=right,waterlogged=false]	sophisticatedstorage:chest	custom	tier,facing,right-main-half
chest-double-diamond-north-left-secondary	chest-double-topology	228	100	211	sophisticatedstorage:diamond_chest[facing=north,ticking=false,type=left,waterlogged=false]	sophisticatedstorage:chest	custom	tier,facing,left-secondary-half
chest-double-diamond-east-right-main	chest-double-topology	232	100	211	sophisticatedstorage:diamond_chest[facing=east,ticking=false,type=right,waterlogged=false]	sophisticatedstorage:chest	custom	tier,facing,right-main-half
chest-double-diamond-east-left-secondary	chest-double-topology	232	100	210	sophisticatedstorage:diamond_chest[facing=east,ticking=false,type=left,waterlogged=false]	sophisticatedstorage:chest	custom	tier,facing,left-secondary-half
chest-double-diamond-south-right-main	chest-double-topology	235	100	211	sophisticatedstorage:diamond_chest[facing=south,ticking=false,type=right,waterlogged=false]	sophisticatedstorage:chest	custom	tier,facing,right-main-half
chest-double-diamond-south-left-secondary	chest-double-topology	236	100	211	sophisticatedstorage:diamond_chest[facing=south,ticking=false,type=left,waterlogged=false]	sophisticatedstorage:chest	custom	tier,facing,left-secondary-half
chest-double-diamond-west-right-main	chest-double-topology	238	100	211	sophisticatedstorage:diamond_chest[facing=west,ticking=false,type=right,waterlogged=false]	sophisticatedstorage:chest	custom	tier,facing,right-main-half
chest-double-diamond-west-left-secondary	chest-double-topology	238	100	212	sophisticatedstorage:diamond_chest[facing=west,ticking=false,type=left,waterlogged=false]	sophisticatedstorage:chest	custom	tier,facing,left-secondary-half
chest-double-netherite-north-right-main	chest-double-topology	241	100	211	sophisticatedstorage:netherite_chest[facing=north,ticking=false,type=right,waterlogged=false]	sophisticatedstorage:chest	custom	tier,facing,right-main-half
chest-double-netherite-north-left-secondary	chest-double-topology	240	100	211	sophisticatedstorage:netherite_chest[facing=north,ticking=false,type=left,waterlogged=false]	sophisticatedstorage:chest	custom	tier,facing,left-secondary-half
chest-double-netherite-east-right-main	chest-double-topology	244	100	211	sophisticatedstorage:netherite_chest[facing=east,ticking=false,type=right,waterlogged=false]	sophisticatedstorage:chest	custom	tier,facing,right-main-half
chest-double-netherite-east-left-secondary	chest-double-topology	244	100	210	sophisticatedstorage:netherite_chest[facing=east,ticking=false,type=left,waterlogged=false]	sophisticatedstorage:chest	custom	tier,facing,left-secondary-half
chest-double-netherite-south-right-main	chest-double-topology	247	100	211	sophisticatedstorage:netherite_chest[facing=south,ticking=false,type=right,waterlogged=false]	sophisticatedstorage:chest	custom	tier,facing,right-main-half
chest-double-netherite-south-left-secondary	chest-double-topology	248	100	211	sophisticatedstorage:netherite_chest[facing=south,ticking=false,type=left,waterlogged=false]	sophisticatedstorage:chest	custom	tier,facing,left-secondary-half
chest-double-netherite-west-right-main	chest-double-topology	250	100	211	sophisticatedstorage:netherite_chest[facing=west,ticking=false,type=right,waterlogged=false]	sophisticatedstorage:chest	custom	tier,facing,right-main-half
chest-double-netherite-west-left-secondary	chest-double-topology	250	100	212	sophisticatedstorage:netherite_chest[facing=west,ticking=false,type=left,waterlogged=false]	sophisticatedstorage:chest	custom	tier,facing,left-secondary-half
chest-waterlogged-true	waterlogged-static-state	253	100	211	sophisticatedstorage:diamond_chest[facing=north,ticking=false,type=single,waterlogged=true]	sophisticatedstorage:chest	custom	waterlogged,tier
storage-link-facing-north	storage-link-orientation	256	100	211	sophisticatedstorage:storage_link[facing=north,opaque=true]	sophisticatedstorage:storage_link	custom	storage-link-facing,north,simple-material
storage-link-facing-east	storage-link-orientation	259	100	211	sophisticatedstorage:storage_link[facing=east,opaque=true]	sophisticatedstorage:storage_link	custom	storage-link-facing,east,simple-material
storage-link-facing-south	storage-link-orientation	196	100	214	sophisticatedstorage:storage_link[facing=south,opaque=true]	sophisticatedstorage:storage_link	custom	storage-link-facing,south,simple-material
storage-link-facing-west	storage-link-orientation	199	100	214	sophisticatedstorage:storage_link[facing=west,opaque=true]	sophisticatedstorage:storage_link	custom	storage-link-facing,west,simple-material
storage-link-facing-up	storage-link-orientation	202	100	214	sophisticatedstorage:storage_link[facing=up,opaque=true]	sophisticatedstorage:storage_link	custom	storage-link-facing,up,simple-material
storage-link-facing-down	storage-link-orientation	205	100	214	sophisticatedstorage:storage_link[facing=down,opaque=true]	sophisticatedstorage:storage_link	custom	storage-link-facing,down,simple-material
decoration-table-facing-north	decoration-table-orientation	208	100	214	sophisticatedstorage:decoration_table[facing=north]	sophisticatedstorage:decoration_table	custom	custom-structural-route,facing,north
decoration-table-facing-east	decoration-table-orientation	211	100	214	sophisticatedstorage:decoration_table[facing=east]	sophisticatedstorage:decoration_table	custom	custom-structural-route,facing,east
decoration-table-facing-south	decoration-table-orientation	214	100	214	sophisticatedstorage:decoration_table[facing=south]	sophisticatedstorage:decoration_table	custom	custom-structural-route,facing,south
decoration-table-facing-west	decoration-table-orientation	217	100	214	sophisticatedstorage:decoration_table[facing=west]	sophisticatedstorage:decoration_table	custom	custom-structural-route,facing,west
shulker-wood-north	shulker-tier-orientation	220	100	214	sophisticatedstorage:shulker_box[facing=north]	sophisticatedstorage:shulker_box	custom	tier,facing,closed-body
shulker-wood-east	shulker-tier-orientation	223	100	214	sophisticatedstorage:shulker_box[facing=east]	sophisticatedstorage:shulker_box	custom	tier,facing,closed-body
shulker-wood-south	shulker-tier-orientation	226	100	214	sophisticatedstorage:shulker_box[facing=south]	sophisticatedstorage:shulker_box	custom	tier,facing,closed-body
shulker-wood-west	shulker-tier-orientation	229	100	214	sophisticatedstorage:shulker_box[facing=west]	sophisticatedstorage:shulker_box	custom	tier,facing,closed-body
shulker-wood-up	shulker-tier-orientation	232	100	214	sophisticatedstorage:shulker_box[facing=up]	sophisticatedstorage:shulker_box	custom	tier,facing,closed-body
shulker-wood-down	shulker-tier-orientation	235	100	214	sophisticatedstorage:shulker_box[facing=down]	sophisticatedstorage:shulker_box	custom	tier,facing,closed-body
shulker-copper-north	shulker-tier-orientation	238	100	214	sophisticatedstorage:copper_shulker_box[facing=north]	sophisticatedstorage:shulker_box	custom	tier,facing,closed-body
shulker-copper-east	shulker-tier-orientation	241	100	214	sophisticatedstorage:copper_shulker_box[facing=east]	sophisticatedstorage:shulker_box	custom	tier,facing,closed-body
shulker-copper-south	shulker-tier-orientation	244	100	214	sophisticatedstorage:copper_shulker_box[facing=south]	sophisticatedstorage:shulker_box	custom	tier,facing,closed-body
shulker-copper-west	shulker-tier-orientation	247	100	214	sophisticatedstorage:copper_shulker_box[facing=west]	sophisticatedstorage:shulker_box	custom	tier,facing,closed-body
shulker-copper-up	shulker-tier-orientation	250	100	214	sophisticatedstorage:copper_shulker_box[facing=up]	sophisticatedstorage:shulker_box	custom	tier,facing,closed-body
shulker-copper-down	shulker-tier-orientation	253	100	214	sophisticatedstorage:copper_shulker_box[facing=down]	sophisticatedstorage:shulker_box	custom	tier,facing,closed-body
shulker-iron-north	shulker-tier-orientation	256	100	214	sophisticatedstorage:iron_shulker_box[facing=north]	sophisticatedstorage:shulker_box	custom	tier,facing,closed-body
shulker-iron-east	shulker-tier-orientation	259	100	214	sophisticatedstorage:iron_shulker_box[facing=east]	sophisticatedstorage:shulker_box	custom	tier,facing,closed-body
shulker-iron-south	shulker-tier-orientation	196	100	217	sophisticatedstorage:iron_shulker_box[facing=south]	sophisticatedstorage:shulker_box	custom	tier,facing,closed-body
shulker-iron-west	shulker-tier-orientation	199	100	217	sophisticatedstorage:iron_shulker_box[facing=west]	sophisticatedstorage:shulker_box	custom	tier,facing,closed-body
shulker-iron-up	shulker-tier-orientation	202	100	217	sophisticatedstorage:iron_shulker_box[facing=up]	sophisticatedstorage:shulker_box	custom	tier,facing,closed-body
shulker-iron-down	shulker-tier-orientation	205	100	217	sophisticatedstorage:iron_shulker_box[facing=down]	sophisticatedstorage:shulker_box	custom	tier,facing,closed-body
shulker-gold-north	shulker-tier-orientation	208	100	217	sophisticatedstorage:gold_shulker_box[facing=north]	sophisticatedstorage:shulker_box	custom	tier,facing,closed-body
shulker-gold-east	shulker-tier-orientation	211	100	217	sophisticatedstorage:gold_shulker_box[facing=east]	sophisticatedstorage:shulker_box	custom	tier,facing,closed-body
shulker-gold-south	shulker-tier-orientation	214	100	217	sophisticatedstorage:gold_shulker_box[facing=south]	sophisticatedstorage:shulker_box	custom	tier,facing,closed-body
shulker-gold-west	shulker-tier-orientation	217	100	217	sophisticatedstorage:gold_shulker_box[facing=west]	sophisticatedstorage:shulker_box	custom	tier,facing,closed-body
shulker-gold-up	shulker-tier-orientation	220	100	217	sophisticatedstorage:gold_shulker_box[facing=up]	sophisticatedstorage:shulker_box	custom	tier,facing,closed-body
shulker-gold-down	shulker-tier-orientation	223	100	217	sophisticatedstorage:gold_shulker_box[facing=down]	sophisticatedstorage:shulker_box	custom	tier,facing,closed-body
shulker-diamond-north	shulker-tier-orientation	226	100	217	sophisticatedstorage:diamond_shulker_box[facing=north]	sophisticatedstorage:shulker_box	custom	tier,facing,closed-body
shulker-diamond-east	shulker-tier-orientation	229	100	217	sophisticatedstorage:diamond_shulker_box[facing=east]	sophisticatedstorage:shulker_box	custom	tier,facing,closed-body
shulker-diamond-south	shulker-tier-orientation	232	100	217	sophisticatedstorage:diamond_shulker_box[facing=south]	sophisticatedstorage:shulker_box	custom	tier,facing,closed-body
shulker-diamond-west	shulker-tier-orientation	235	100	217	sophisticatedstorage:diamond_shulker_box[facing=west]	sophisticatedstorage:shulker_box	custom	tier,facing,closed-body
shulker-diamond-up	shulker-tier-orientation	238	100	217	sophisticatedstorage:diamond_shulker_box[facing=up]	sophisticatedstorage:shulker_box	custom	tier,facing,closed-body
shulker-diamond-down	shulker-tier-orientation	241	100	217	sophisticatedstorage:diamond_shulker_box[facing=down]	sophisticatedstorage:shulker_box	custom	tier,facing,closed-body
shulker-netherite-north	shulker-tier-orientation	244	100	217	sophisticatedstorage:netherite_shulker_box[facing=north]	sophisticatedstorage:shulker_box	custom	tier,facing,closed-body
shulker-netherite-east	shulker-tier-orientation	247	100	217	sophisticatedstorage:netherite_shulker_box[facing=east]	sophisticatedstorage:shulker_box	custom	tier,facing,closed-body
shulker-netherite-south	shulker-tier-orientation	250	100	217	sophisticatedstorage:netherite_shulker_box[facing=south]	sophisticatedstorage:shulker_box	custom	tier,facing,closed-body
shulker-netherite-west	shulker-tier-orientation	253	100	217	sophisticatedstorage:netherite_shulker_box[facing=west]	sophisticatedstorage:shulker_box	custom	tier,facing,closed-body
shulker-netherite-up	shulker-tier-orientation	256	100	217	sophisticatedstorage:netherite_shulker_box[facing=up]	sophisticatedstorage:shulker_box	custom	tier,facing,closed-body
shulker-netherite-down	shulker-tier-orientation	259	100	217	sophisticatedstorage:netherite_shulker_box[facing=down]	sophisticatedstorage:shulker_box	custom	tier,facing,closed-body
wood-barrel-oak	wood-type-catalog	196	100	220	sophisticatedstorage:barrel[facing=north,flat_top=false,opaque=true,open=false,ticking=false]	sophisticatedstorage:barrel	custom	wood-type,barrel
wood-barrel-spruce	wood-type-catalog	199	100	220	sophisticatedstorage:barrel[facing=north,flat_top=false,opaque=true,open=false,ticking=false]	sophisticatedstorage:barrel	custom	wood-type,barrel
wood-barrel-birch	wood-type-catalog	202	100	220	sophisticatedstorage:barrel[facing=north,flat_top=false,opaque=true,open=false,ticking=false]	sophisticatedstorage:barrel	custom	wood-type,barrel
wood-barrel-jungle	wood-type-catalog	205	100	220	sophisticatedstorage:barrel[facing=north,flat_top=false,opaque=true,open=false,ticking=false]	sophisticatedstorage:barrel	custom	wood-type,barrel
wood-barrel-acacia	wood-type-catalog	208	100	220	sophisticatedstorage:barrel[facing=north,flat_top=false,opaque=true,open=false,ticking=false]	sophisticatedstorage:barrel	custom	wood-type,barrel
wood-barrel-dark_oak	wood-type-catalog	211	100	220	sophisticatedstorage:barrel[facing=north,flat_top=false,opaque=true,open=false,ticking=false]	sophisticatedstorage:barrel	custom	wood-type,barrel
wood-barrel-mangrove	wood-type-catalog	214	100	220	sophisticatedstorage:barrel[facing=north,flat_top=false,opaque=true,open=false,ticking=false]	sophisticatedstorage:barrel	custom	wood-type,barrel
wood-barrel-cherry	wood-type-catalog	217	100	220	sophisticatedstorage:barrel[facing=north,flat_top=false,opaque=true,open=false,ticking=false]	sophisticatedstorage:barrel	custom	wood-type,barrel
wood-barrel-bamboo	wood-type-catalog	220	100	220	sophisticatedstorage:barrel[facing=north,flat_top=false,opaque=true,open=false,ticking=false]	sophisticatedstorage:barrel	custom	wood-type,barrel
wood-barrel-crimson	wood-type-catalog	223	100	220	sophisticatedstorage:barrel[facing=north,flat_top=false,opaque=true,open=false,ticking=false]	sophisticatedstorage:barrel	custom	wood-type,barrel
wood-barrel-warped	wood-type-catalog	226	100	220	sophisticatedstorage:barrel[facing=north,flat_top=false,opaque=true,open=false,ticking=false]	sophisticatedstorage:barrel	custom	wood-type,barrel
wood-chest-oak	wood-type-catalog	229	100	220	sophisticatedstorage:chest[facing=north,ticking=false,type=single,waterlogged=false]	sophisticatedstorage:chest	custom	wood-type,chest
wood-chest-spruce	wood-type-catalog	232	100	220	sophisticatedstorage:chest[facing=north,ticking=false,type=single,waterlogged=false]	sophisticatedstorage:chest	custom	wood-type,chest
wood-chest-birch	wood-type-catalog	235	100	220	sophisticatedstorage:chest[facing=north,ticking=false,type=single,waterlogged=false]	sophisticatedstorage:chest	custom	wood-type,chest
wood-chest-jungle	wood-type-catalog	238	100	220	sophisticatedstorage:chest[facing=north,ticking=false,type=single,waterlogged=false]	sophisticatedstorage:chest	custom	wood-type,chest
wood-chest-acacia	wood-type-catalog	241	100	220	sophisticatedstorage:chest[facing=north,ticking=false,type=single,waterlogged=false]	sophisticatedstorage:chest	custom	wood-type,chest
wood-chest-dark_oak	wood-type-catalog	244	100	220	sophisticatedstorage:chest[facing=north,ticking=false,type=single,waterlogged=false]	sophisticatedstorage:chest	custom	wood-type,chest
wood-chest-mangrove	wood-type-catalog	247	100	220	sophisticatedstorage:chest[facing=north,ticking=false,type=single,waterlogged=false]	sophisticatedstorage:chest	custom	wood-type,chest
wood-chest-cherry	wood-type-catalog	250	100	220	sophisticatedstorage:chest[facing=north,ticking=false,type=single,waterlogged=false]	sophisticatedstorage:chest	custom	wood-type,chest
wood-chest-bamboo	wood-type-catalog	253	100	220	sophisticatedstorage:chest[facing=north,ticking=false,type=single,waterlogged=false]	sophisticatedstorage:chest	custom	wood-type,chest
wood-chest-crimson	wood-type-catalog	256	100	220	sophisticatedstorage:chest[facing=north,ticking=false,type=single,waterlogged=false]	sophisticatedstorage:chest	custom	wood-type,chest
wood-chest-warped	wood-type-catalog	259	100	220	sophisticatedstorage:chest[facing=north,ticking=false,type=single,waterlogged=false]	sophisticatedstorage:chest	custom	wood-type,chest
wood-limited-oak	wood-type-catalog	196	100	223	sophisticatedstorage:limited_barrel_4[facing=north,flat_top=false,opaque=true,ticking=false,vertical_facing=no]	sophisticatedstorage:limited_barrel	custom	wood-type,oak,limited-barrel
wood-limited-spruce	wood-type-catalog	199	100	223	sophisticatedstorage:limited_barrel_4[facing=north,flat_top=false,opaque=true,ticking=false,vertical_facing=no]	sophisticatedstorage:limited_barrel	custom	wood-type,spruce,limited-barrel
wood-limited-birch	wood-type-catalog	202	100	223	sophisticatedstorage:limited_barrel_4[facing=north,flat_top=false,opaque=true,ticking=false,vertical_facing=no]	sophisticatedstorage:limited_barrel	custom	wood-type,birch,limited-barrel
wood-limited-jungle	wood-type-catalog	205	100	223	sophisticatedstorage:limited_barrel_4[facing=north,flat_top=false,opaque=true,ticking=false,vertical_facing=no]	sophisticatedstorage:limited_barrel	custom	wood-type,jungle,limited-barrel
wood-limited-acacia	wood-type-catalog	208	100	223	sophisticatedstorage:limited_barrel_4[facing=north,flat_top=false,opaque=true,ticking=false,vertical_facing=no]	sophisticatedstorage:limited_barrel	custom	wood-type,acacia,limited-barrel
wood-limited-dark_oak	wood-type-catalog	211	100	223	sophisticatedstorage:limited_barrel_4[facing=north,flat_top=false,opaque=true,ticking=false,vertical_facing=no]	sophisticatedstorage:limited_barrel	custom	wood-type,dark_oak,limited-barrel
wood-limited-mangrove	wood-type-catalog	214	100	223	sophisticatedstorage:limited_barrel_4[facing=north,flat_top=false,opaque=true,ticking=false,vertical_facing=no]	sophisticatedstorage:limited_barrel	custom	wood-type,mangrove,limited-barrel
wood-limited-cherry	wood-type-catalog	217	100	223	sophisticatedstorage:limited_barrel_4[facing=north,flat_top=false,opaque=true,ticking=false,vertical_facing=no]	sophisticatedstorage:limited_barrel	custom	wood-type,cherry,limited-barrel
wood-limited-bamboo	wood-type-catalog	220	100	223	sophisticatedstorage:limited_barrel_4[facing=north,flat_top=false,opaque=true,ticking=false,vertical_facing=no]	sophisticatedstorage:limited_barrel	custom	wood-type,bamboo,limited-barrel
wood-limited-crimson	wood-type-catalog	223	100	223	sophisticatedstorage:limited_barrel_4[facing=north,flat_top=false,opaque=true,ticking=false,vertical_facing=no]	sophisticatedstorage:limited_barrel	custom	wood-type,crimson,limited-barrel
wood-limited-warped	wood-type-catalog	226	100	223	sophisticatedstorage:limited_barrel_4[facing=north,flat_top=false,opaque=true,ticking=false,vertical_facing=no]	sophisticatedstorage:limited_barrel	custom	wood-type,warped,limited-barrel
dye-barrel-main-white	dye-barrel	229	100	223	sophisticatedstorage:diamond_barrel[facing=north,flat_top=false,opaque=true,open=false,ticking=false]	sophisticatedstorage:barrel	custom	main-color,white
dye-barrel-accent-white	dye-barrel	232	100	223	sophisticatedstorage:diamond_barrel[facing=north,flat_top=false,opaque=true,open=false,ticking=false]	sophisticatedstorage:barrel	custom	accent-color,white
dye-barrel-dual-white-black	dye-barrel	235	100	223	sophisticatedstorage:diamond_barrel[facing=north,flat_top=false,opaque=true,open=false,ticking=false]	sophisticatedstorage:barrel	custom	dual-color,white,black
dye-barrel-main-orange	dye-barrel	238	100	223	sophisticatedstorage:diamond_barrel[facing=north,flat_top=false,opaque=true,open=false,ticking=false]	sophisticatedstorage:barrel	custom	main-color,orange
dye-barrel-accent-orange	dye-barrel	241	100	223	sophisticatedstorage:diamond_barrel[facing=north,flat_top=false,opaque=true,open=false,ticking=false]	sophisticatedstorage:barrel	custom	accent-color,orange
dye-barrel-dual-orange-red	dye-barrel	244	100	223	sophisticatedstorage:diamond_barrel[facing=north,flat_top=false,opaque=true,open=false,ticking=false]	sophisticatedstorage:barrel	custom	dual-color,orange,red
dye-barrel-main-magenta	dye-barrel	247	100	223	sophisticatedstorage:diamond_barrel[facing=north,flat_top=false,opaque=true,open=false,ticking=false]	sophisticatedstorage:barrel	custom	main-color,magenta
dye-barrel-accent-magenta	dye-barrel	250	100	223	sophisticatedstorage:diamond_barrel[facing=north,flat_top=false,opaque=true,open=false,ticking=false]	sophisticatedstorage:barrel	custom	accent-color,magenta
dye-barrel-dual-magenta-green	dye-barrel	253	100	223	sophisticatedstorage:diamond_barrel[facing=north,flat_top=false,opaque=true,open=false,ticking=false]	sophisticatedstorage:barrel	custom	dual-color,magenta,green
dye-barrel-main-light_blue	dye-barrel	256	100	223	sophisticatedstorage:diamond_barrel[facing=north,flat_top=false,opaque=true,open=false,ticking=false]	sophisticatedstorage:barrel	custom	main-color,light_blue
dye-barrel-accent-light_blue	dye-barrel	259	100	223	sophisticatedstorage:diamond_barrel[facing=north,flat_top=false,opaque=true,open=false,ticking=false]	sophisticatedstorage:barrel	custom	accent-color,light_blue
dye-barrel-dual-light_blue-brown	dye-barrel	196	100	226	sophisticatedstorage:diamond_barrel[facing=north,flat_top=false,opaque=true,open=false,ticking=false]	sophisticatedstorage:barrel	custom	dual-color,light_blue,brown
dye-barrel-main-yellow	dye-barrel	199	100	226	sophisticatedstorage:diamond_barrel[facing=north,flat_top=false,opaque=true,open=false,ticking=false]	sophisticatedstorage:barrel	custom	main-color,yellow
dye-barrel-accent-yellow	dye-barrel	202	100	226	sophisticatedstorage:diamond_barrel[facing=north,flat_top=false,opaque=true,open=false,ticking=false]	sophisticatedstorage:barrel	custom	accent-color,yellow
dye-barrel-dual-yellow-blue	dye-barrel	205	100	226	sophisticatedstorage:diamond_barrel[facing=north,flat_top=false,opaque=true,open=false,ticking=false]	sophisticatedstorage:barrel	custom	dual-color,yellow,blue
dye-barrel-main-lime	dye-barrel	208	100	226	sophisticatedstorage:diamond_barrel[facing=north,flat_top=false,opaque=true,open=false,ticking=false]	sophisticatedstorage:barrel	custom	main-color,lime
dye-barrel-accent-lime	dye-barrel	211	100	226	sophisticatedstorage:diamond_barrel[facing=north,flat_top=false,opaque=true,open=false,ticking=false]	sophisticatedstorage:barrel	custom	accent-color,lime
dye-barrel-dual-lime-purple	dye-barrel	214	100	226	sophisticatedstorage:diamond_barrel[facing=north,flat_top=false,opaque=true,open=false,ticking=false]	sophisticatedstorage:barrel	custom	dual-color,lime,purple
dye-barrel-main-pink	dye-barrel	217	100	226	sophisticatedstorage:diamond_barrel[facing=north,flat_top=false,opaque=true,open=false,ticking=false]	sophisticatedstorage:barrel	custom	main-color,pink
dye-barrel-accent-pink	dye-barrel	220	100	226	sophisticatedstorage:diamond_barrel[facing=north,flat_top=false,opaque=true,open=false,ticking=false]	sophisticatedstorage:barrel	custom	accent-color,pink
dye-barrel-dual-pink-cyan	dye-barrel	223	100	226	sophisticatedstorage:diamond_barrel[facing=north,flat_top=false,opaque=true,open=false,ticking=false]	sophisticatedstorage:barrel	custom	dual-color,pink,cyan
dye-barrel-main-gray	dye-barrel	226	100	226	sophisticatedstorage:diamond_barrel[facing=north,flat_top=false,opaque=true,open=false,ticking=false]	sophisticatedstorage:barrel	custom	main-color,gray
dye-barrel-accent-gray	dye-barrel	229	100	226	sophisticatedstorage:diamond_barrel[facing=north,flat_top=false,opaque=true,open=false,ticking=false]	sophisticatedstorage:barrel	custom	accent-color,gray
dye-barrel-dual-gray-light_gray	dye-barrel	232	100	226	sophisticatedstorage:diamond_barrel[facing=north,flat_top=false,opaque=true,open=false,ticking=false]	sophisticatedstorage:barrel	custom	dual-color,gray,light_gray
dye-barrel-main-light_gray	dye-barrel	235	100	226	sophisticatedstorage:diamond_barrel[facing=north,flat_top=false,opaque=true,open=false,ticking=false]	sophisticatedstorage:barrel	custom	main-color,light_gray
dye-barrel-accent-light_gray	dye-barrel	238	100	226	sophisticatedstorage:diamond_barrel[facing=north,flat_top=false,opaque=true,open=false,ticking=false]	sophisticatedstorage:barrel	custom	accent-color,light_gray
dye-barrel-dual-light_gray-gray	dye-barrel	241	100	226	sophisticatedstorage:diamond_barrel[facing=north,flat_top=false,opaque=true,open=false,ticking=false]	sophisticatedstorage:barrel	custom	dual-color,light_gray,gray
dye-barrel-main-cyan	dye-barrel	244	100	226	sophisticatedstorage:diamond_barrel[facing=north,flat_top=false,opaque=true,open=false,ticking=false]	sophisticatedstorage:barrel	custom	main-color,cyan
dye-barrel-accent-cyan	dye-barrel	247	100	226	sophisticatedstorage:diamond_barrel[facing=north,flat_top=false,opaque=true,open=false,ticking=false]	sophisticatedstorage:barrel	custom	accent-color,cyan
dye-barrel-dual-cyan-pink	dye-barrel	250	100	226	sophisticatedstorage:diamond_barrel[facing=north,flat_top=false,opaque=true,open=false,ticking=false]	sophisticatedstorage:barrel	custom	dual-color,cyan,pink
dye-barrel-main-purple	dye-barrel	253	100	226	sophisticatedstorage:diamond_barrel[facing=north,flat_top=false,opaque=true,open=false,ticking=false]	sophisticatedstorage:barrel	custom	main-color,purple
dye-barrel-accent-purple	dye-barrel	256	100	226	sophisticatedstorage:diamond_barrel[facing=north,flat_top=false,opaque=true,open=false,ticking=false]	sophisticatedstorage:barrel	custom	accent-color,purple
dye-barrel-dual-purple-lime	dye-barrel	259	100	226	sophisticatedstorage:diamond_barrel[facing=north,flat_top=false,opaque=true,open=false,ticking=false]	sophisticatedstorage:barrel	custom	dual-color,purple,lime
dye-barrel-main-blue	dye-barrel	196	100	229	sophisticatedstorage:diamond_barrel[facing=north,flat_top=false,opaque=true,open=false,ticking=false]	sophisticatedstorage:barrel	custom	main-color,blue
dye-barrel-accent-blue	dye-barrel	199	100	229	sophisticatedstorage:diamond_barrel[facing=north,flat_top=false,opaque=true,open=false,ticking=false]	sophisticatedstorage:barrel	custom	accent-color,blue
dye-barrel-dual-blue-yellow	dye-barrel	202	100	229	sophisticatedstorage:diamond_barrel[facing=north,flat_top=false,opaque=true,open=false,ticking=false]	sophisticatedstorage:barrel	custom	dual-color,blue,yellow
dye-barrel-main-brown	dye-barrel	205	100	229	sophisticatedstorage:diamond_barrel[facing=north,flat_top=false,opaque=true,open=false,ticking=false]	sophisticatedstorage:barrel	custom	main-color,brown
dye-barrel-accent-brown	dye-barrel	208	100	229	sophisticatedstorage:diamond_barrel[facing=north,flat_top=false,opaque=true,open=false,ticking=false]	sophisticatedstorage:barrel	custom	accent-color,brown
dye-barrel-dual-brown-light_blue	dye-barrel	211	100	229	sophisticatedstorage:diamond_barrel[facing=north,flat_top=false,opaque=true,open=false,ticking=false]	sophisticatedstorage:barrel	custom	dual-color,brown,light_blue
dye-barrel-main-green	dye-barrel	214	100	229	sophisticatedstorage:diamond_barrel[facing=north,flat_top=false,opaque=true,open=false,ticking=false]	sophisticatedstorage:barrel	custom	main-color,green
dye-barrel-accent-green	dye-barrel	217	100	229	sophisticatedstorage:diamond_barrel[facing=north,flat_top=false,opaque=true,open=false,ticking=false]	sophisticatedstorage:barrel	custom	accent-color,green
dye-barrel-dual-green-magenta	dye-barrel	220	100	229	sophisticatedstorage:diamond_barrel[facing=north,flat_top=false,opaque=true,open=false,ticking=false]	sophisticatedstorage:barrel	custom	dual-color,green,magenta
dye-barrel-main-red	dye-barrel	223	100	229	sophisticatedstorage:diamond_barrel[facing=north,flat_top=false,opaque=true,open=false,ticking=false]	sophisticatedstorage:barrel	custom	main-color,red
dye-barrel-accent-red	dye-barrel	226	100	229	sophisticatedstorage:diamond_barrel[facing=north,flat_top=false,opaque=true,open=false,ticking=false]	sophisticatedstorage:barrel	custom	accent-color,red
dye-barrel-dual-red-orange	dye-barrel	229	100	229	sophisticatedstorage:diamond_barrel[facing=north,flat_top=false,opaque=true,open=false,ticking=false]	sophisticatedstorage:barrel	custom	dual-color,red,orange
dye-barrel-main-black	dye-barrel	232	100	229	sophisticatedstorage:diamond_barrel[facing=north,flat_top=false,opaque=true,open=false,ticking=false]	sophisticatedstorage:barrel	custom	main-color,black
dye-barrel-accent-black	dye-barrel	235	100	229	sophisticatedstorage:diamond_barrel[facing=north,flat_top=false,opaque=true,open=false,ticking=false]	sophisticatedstorage:barrel	custom	accent-color,black
dye-barrel-dual-black-white	dye-barrel	238	100	229	sophisticatedstorage:diamond_barrel[facing=north,flat_top=false,opaque=true,open=false,ticking=false]	sophisticatedstorage:barrel	custom	dual-color,black,white
dye-limited-main-white	dye-limited	241	100	229	sophisticatedstorage:limited_diamond_barrel_4[facing=north,flat_top=false,opaque=true,ticking=false,vertical_facing=no]	sophisticatedstorage:limited_barrel	custom	main-color,white
dye-limited-accent-white	dye-limited	244	100	229	sophisticatedstorage:limited_diamond_barrel_4[facing=north,flat_top=false,opaque=true,ticking=false,vertical_facing=no]	sophisticatedstorage:limited_barrel	custom	accent-color,white
dye-limited-dual-white-black	dye-limited	247	100	229	sophisticatedstorage:limited_diamond_barrel_4[facing=north,flat_top=false,opaque=true,ticking=false,vertical_facing=no]	sophisticatedstorage:limited_barrel	custom	dual-color,white,black
dye-limited-main-orange	dye-limited	250	100	229	sophisticatedstorage:limited_diamond_barrel_4[facing=north,flat_top=false,opaque=true,ticking=false,vertical_facing=no]	sophisticatedstorage:limited_barrel	custom	main-color,orange
dye-limited-accent-orange	dye-limited	253	100	229	sophisticatedstorage:limited_diamond_barrel_4[facing=north,flat_top=false,opaque=true,ticking=false,vertical_facing=no]	sophisticatedstorage:limited_barrel	custom	accent-color,orange
dye-limited-dual-orange-red	dye-limited	256	100	229	sophisticatedstorage:limited_diamond_barrel_4[facing=north,flat_top=false,opaque=true,ticking=false,vertical_facing=no]	sophisticatedstorage:limited_barrel	custom	dual-color,orange,red
dye-limited-main-magenta	dye-limited	259	100	229	sophisticatedstorage:limited_diamond_barrel_4[facing=north,flat_top=false,opaque=true,ticking=false,vertical_facing=no]	sophisticatedstorage:limited_barrel	custom	main-color,magenta
dye-limited-accent-magenta	dye-limited	196	100	232	sophisticatedstorage:limited_diamond_barrel_4[facing=north,flat_top=false,opaque=true,ticking=false,vertical_facing=no]	sophisticatedstorage:limited_barrel	custom	accent-color,magenta
dye-limited-dual-magenta-green	dye-limited	199	100	232	sophisticatedstorage:limited_diamond_barrel_4[facing=north,flat_top=false,opaque=true,ticking=false,vertical_facing=no]	sophisticatedstorage:limited_barrel	custom	dual-color,magenta,green
dye-limited-main-light_blue	dye-limited	202	100	232	sophisticatedstorage:limited_diamond_barrel_4[facing=north,flat_top=false,opaque=true,ticking=false,vertical_facing=no]	sophisticatedstorage:limited_barrel	custom	main-color,light_blue
dye-limited-accent-light_blue	dye-limited	205	100	232	sophisticatedstorage:limited_diamond_barrel_4[facing=north,flat_top=false,opaque=true,ticking=false,vertical_facing=no]	sophisticatedstorage:limited_barrel	custom	accent-color,light_blue
dye-limited-dual-light_blue-brown	dye-limited	208	100	232	sophisticatedstorage:limited_diamond_barrel_4[facing=north,flat_top=false,opaque=true,ticking=false,vertical_facing=no]	sophisticatedstorage:limited_barrel	custom	dual-color,light_blue,brown
dye-limited-main-yellow	dye-limited	211	100	232	sophisticatedstorage:limited_diamond_barrel_4[facing=north,flat_top=false,opaque=true,ticking=false,vertical_facing=no]	sophisticatedstorage:limited_barrel	custom	main-color,yellow
dye-limited-accent-yellow	dye-limited	214	100	232	sophisticatedstorage:limited_diamond_barrel_4[facing=north,flat_top=false,opaque=true,ticking=false,vertical_facing=no]	sophisticatedstorage:limited_barrel	custom	accent-color,yellow
dye-limited-dual-yellow-blue	dye-limited	217	100	232	sophisticatedstorage:limited_diamond_barrel_4[facing=north,flat_top=false,opaque=true,ticking=false,vertical_facing=no]	sophisticatedstorage:limited_barrel	custom	dual-color,yellow,blue
dye-limited-main-lime	dye-limited	220	100	232	sophisticatedstorage:limited_diamond_barrel_4[facing=north,flat_top=false,opaque=true,ticking=false,vertical_facing=no]	sophisticatedstorage:limited_barrel	custom	main-color,lime
dye-limited-accent-lime	dye-limited	223	100	232	sophisticatedstorage:limited_diamond_barrel_4[facing=north,flat_top=false,opaque=true,ticking=false,vertical_facing=no]	sophisticatedstorage:limited_barrel	custom	accent-color,lime
dye-limited-dual-lime-purple	dye-limited	226	100	232	sophisticatedstorage:limited_diamond_barrel_4[facing=north,flat_top=false,opaque=true,ticking=false,vertical_facing=no]	sophisticatedstorage:limited_barrel	custom	dual-color,lime,purple
dye-limited-main-pink	dye-limited	229	100	232	sophisticatedstorage:limited_diamond_barrel_4[facing=north,flat_top=false,opaque=true,ticking=false,vertical_facing=no]	sophisticatedstorage:limited_barrel	custom	main-color,pink
dye-limited-accent-pink	dye-limited	232	100	232	sophisticatedstorage:limited_diamond_barrel_4[facing=north,flat_top=false,opaque=true,ticking=false,vertical_facing=no]	sophisticatedstorage:limited_barrel	custom	accent-color,pink
dye-limited-dual-pink-cyan	dye-limited	235	100	232	sophisticatedstorage:limited_diamond_barrel_4[facing=north,flat_top=false,opaque=true,ticking=false,vertical_facing=no]	sophisticatedstorage:limited_barrel	custom	dual-color,pink,cyan
dye-limited-main-gray	dye-limited	238	100	232	sophisticatedstorage:limited_diamond_barrel_4[facing=north,flat_top=false,opaque=true,ticking=false,vertical_facing=no]	sophisticatedstorage:limited_barrel	custom	main-color,gray
dye-limited-accent-gray	dye-limited	241	100	232	sophisticatedstorage:limited_diamond_barrel_4[facing=north,flat_top=false,opaque=true,ticking=false,vertical_facing=no]	sophisticatedstorage:limited_barrel	custom	accent-color,gray
dye-limited-dual-gray-light_gray	dye-limited	244	100	232	sophisticatedstorage:limited_diamond_barrel_4[facing=north,flat_top=false,opaque=true,ticking=false,vertical_facing=no]	sophisticatedstorage:limited_barrel	custom	dual-color,gray,light_gray
dye-limited-main-light_gray	dye-limited	247	100	232	sophisticatedstorage:limited_diamond_barrel_4[facing=north,flat_top=false,opaque=true,ticking=false,vertical_facing=no]	sophisticatedstorage:limited_barrel	custom	main-color,light_gray
dye-limited-accent-light_gray	dye-limited	250	100	232	sophisticatedstorage:limited_diamond_barrel_4[facing=north,flat_top=false,opaque=true,ticking=false,vertical_facing=no]	sophisticatedstorage:limited_barrel	custom	accent-color,light_gray
dye-limited-dual-light_gray-gray	dye-limited	253	100	232	sophisticatedstorage:limited_diamond_barrel_4[facing=north,flat_top=false,opaque=true,ticking=false,vertical_facing=no]	sophisticatedstorage:limited_barrel	custom	dual-color,light_gray,gray
dye-limited-main-cyan	dye-limited	256	100	232	sophisticatedstorage:limited_diamond_barrel_4[facing=north,flat_top=false,opaque=true,ticking=false,vertical_facing=no]	sophisticatedstorage:limited_barrel	custom	main-color,cyan
dye-limited-accent-cyan	dye-limited	259	100	232	sophisticatedstorage:limited_diamond_barrel_4[facing=north,flat_top=false,opaque=true,ticking=false,vertical_facing=no]	sophisticatedstorage:limited_barrel	custom	accent-color,cyan
dye-limited-dual-cyan-pink	dye-limited	196	100	235	sophisticatedstorage:limited_diamond_barrel_4[facing=north,flat_top=false,opaque=true,ticking=false,vertical_facing=no]	sophisticatedstorage:limited_barrel	custom	dual-color,cyan,pink
dye-limited-main-purple	dye-limited	199	100	235	sophisticatedstorage:limited_diamond_barrel_4[facing=north,flat_top=false,opaque=true,ticking=false,vertical_facing=no]	sophisticatedstorage:limited_barrel	custom	main-color,purple
dye-limited-accent-purple	dye-limited	202	100	235	sophisticatedstorage:limited_diamond_barrel_4[facing=north,flat_top=false,opaque=true,ticking=false,vertical_facing=no]	sophisticatedstorage:limited_barrel	custom	accent-color,purple
dye-limited-dual-purple-lime	dye-limited	205	100	235	sophisticatedstorage:limited_diamond_barrel_4[facing=north,flat_top=false,opaque=true,ticking=false,vertical_facing=no]	sophisticatedstorage:limited_barrel	custom	dual-color,purple,lime
dye-limited-main-blue	dye-limited	208	100	235	sophisticatedstorage:limited_diamond_barrel_4[facing=north,flat_top=false,opaque=true,ticking=false,vertical_facing=no]	sophisticatedstorage:limited_barrel	custom	main-color,blue
dye-limited-accent-blue	dye-limited	211	100	235	sophisticatedstorage:limited_diamond_barrel_4[facing=north,flat_top=false,opaque=true,ticking=false,vertical_facing=no]	sophisticatedstorage:limited_barrel	custom	accent-color,blue
dye-limited-dual-blue-yellow	dye-limited	214	100	235	sophisticatedstorage:limited_diamond_barrel_4[facing=north,flat_top=false,opaque=true,ticking=false,vertical_facing=no]	sophisticatedstorage:limited_barrel	custom	dual-color,blue,yellow
dye-limited-main-brown	dye-limited	217	100	235	sophisticatedstorage:limited_diamond_barrel_4[facing=north,flat_top=false,opaque=true,ticking=false,vertical_facing=no]	sophisticatedstorage:limited_barrel	custom	main-color,brown
dye-limited-accent-brown	dye-limited	220	100	235	sophisticatedstorage:limited_diamond_barrel_4[facing=north,flat_top=false,opaque=true,ticking=false,vertical_facing=no]	sophisticatedstorage:limited_barrel	custom	accent-color,brown
dye-limited-dual-brown-light_blue	dye-limited	223	100	235	sophisticatedstorage:limited_diamond_barrel_4[facing=north,flat_top=false,opaque=true,ticking=false,vertical_facing=no]	sophisticatedstorage:limited_barrel	custom	dual-color,brown,light_blue
dye-limited-main-green	dye-limited	226	100	235	sophisticatedstorage:limited_diamond_barrel_4[facing=north,flat_top=false,opaque=true,ticking=false,vertical_facing=no]	sophisticatedstorage:limited_barrel	custom	main-color,green
dye-limited-accent-green	dye-limited	229	100	235	sophisticatedstorage:limited_diamond_barrel_4[facing=north,flat_top=false,opaque=true,ticking=false,vertical_facing=no]	sophisticatedstorage:limited_barrel	custom	accent-color,green
dye-limited-dual-green-magenta	dye-limited	232	100	235	sophisticatedstorage:limited_diamond_barrel_4[facing=north,flat_top=false,opaque=true,ticking=false,vertical_facing=no]	sophisticatedstorage:limited_barrel	custom	dual-color,green,magenta
dye-limited-main-red	dye-limited	235	100	235	sophisticatedstorage:limited_diamond_barrel_4[facing=north,flat_top=false,opaque=true,ticking=false,vertical_facing=no]	sophisticatedstorage:limited_barrel	custom	main-color,red
dye-limited-accent-red	dye-limited	238	100	235	sophisticatedstorage:limited_diamond_barrel_4[facing=north,flat_top=false,opaque=true,ticking=false,vertical_facing=no]	sophisticatedstorage:limited_barrel	custom	accent-color,red
dye-limited-dual-red-orange	dye-limited	241	100	235	sophisticatedstorage:limited_diamond_barrel_4[facing=north,flat_top=false,opaque=true,ticking=false,vertical_facing=no]	sophisticatedstorage:limited_barrel	custom	dual-color,red,orange
dye-limited-main-black	dye-limited	244	100	235	sophisticatedstorage:limited_diamond_barrel_4[facing=north,flat_top=false,opaque=true,ticking=false,vertical_facing=no]	sophisticatedstorage:limited_barrel	custom	main-color,black
dye-limited-accent-black	dye-limited	247	100	235	sophisticatedstorage:limited_diamond_barrel_4[facing=north,flat_top=false,opaque=true,ticking=false,vertical_facing=no]	sophisticatedstorage:limited_barrel	custom	accent-color,black
dye-limited-dual-black-white	dye-limited	250	100	235	sophisticatedstorage:limited_diamond_barrel_4[facing=north,flat_top=false,opaque=true,ticking=false,vertical_facing=no]	sophisticatedstorage:limited_barrel	custom	dual-color,black,white
dye-chest-main-white	dye-chest	253	100	235	sophisticatedstorage:diamond_chest[facing=north,ticking=false,type=single,waterlogged=false]	sophisticatedstorage:chest	custom	main-color,white
dye-chest-accent-white	dye-chest	256	100	235	sophisticatedstorage:diamond_chest[facing=north,ticking=false,type=single,waterlogged=false]	sophisticatedstorage:chest	custom	accent-color,white
dye-chest-dual-white-black	dye-chest	259	100	235	sophisticatedstorage:diamond_chest[facing=north,ticking=false,type=single,waterlogged=false]	sophisticatedstorage:chest	custom	dual-color,white,black
dye-chest-main-orange	dye-chest	196	100	238	sophisticatedstorage:diamond_chest[facing=north,ticking=false,type=single,waterlogged=false]	sophisticatedstorage:chest	custom	main-color,orange
dye-chest-accent-orange	dye-chest	199	100	238	sophisticatedstorage:diamond_chest[facing=north,ticking=false,type=single,waterlogged=false]	sophisticatedstorage:chest	custom	accent-color,orange
dye-chest-dual-orange-red	dye-chest	202	100	238	sophisticatedstorage:diamond_chest[facing=north,ticking=false,type=single,waterlogged=false]	sophisticatedstorage:chest	custom	dual-color,orange,red
dye-chest-main-magenta	dye-chest	205	100	238	sophisticatedstorage:diamond_chest[facing=north,ticking=false,type=single,waterlogged=false]	sophisticatedstorage:chest	custom	main-color,magenta
dye-chest-accent-magenta	dye-chest	208	100	238	sophisticatedstorage:diamond_chest[facing=north,ticking=false,type=single,waterlogged=false]	sophisticatedstorage:chest	custom	accent-color,magenta
dye-chest-dual-magenta-green	dye-chest	211	100	238	sophisticatedstorage:diamond_chest[facing=north,ticking=false,type=single,waterlogged=false]	sophisticatedstorage:chest	custom	dual-color,magenta,green
dye-chest-main-light_blue	dye-chest	214	100	238	sophisticatedstorage:diamond_chest[facing=north,ticking=false,type=single,waterlogged=false]	sophisticatedstorage:chest	custom	main-color,light_blue
dye-chest-accent-light_blue	dye-chest	217	100	238	sophisticatedstorage:diamond_chest[facing=north,ticking=false,type=single,waterlogged=false]	sophisticatedstorage:chest	custom	accent-color,light_blue
dye-chest-dual-light_blue-brown	dye-chest	220	100	238	sophisticatedstorage:diamond_chest[facing=north,ticking=false,type=single,waterlogged=false]	sophisticatedstorage:chest	custom	dual-color,light_blue,brown
dye-chest-main-yellow	dye-chest	223	100	238	sophisticatedstorage:diamond_chest[facing=north,ticking=false,type=single,waterlogged=false]	sophisticatedstorage:chest	custom	main-color,yellow
dye-chest-accent-yellow	dye-chest	226	100	238	sophisticatedstorage:diamond_chest[facing=north,ticking=false,type=single,waterlogged=false]	sophisticatedstorage:chest	custom	accent-color,yellow
dye-chest-dual-yellow-blue	dye-chest	229	100	238	sophisticatedstorage:diamond_chest[facing=north,ticking=false,type=single,waterlogged=false]	sophisticatedstorage:chest	custom	dual-color,yellow,blue
dye-chest-main-lime	dye-chest	232	100	238	sophisticatedstorage:diamond_chest[facing=north,ticking=false,type=single,waterlogged=false]	sophisticatedstorage:chest	custom	main-color,lime
dye-chest-accent-lime	dye-chest	235	100	238	sophisticatedstorage:diamond_chest[facing=north,ticking=false,type=single,waterlogged=false]	sophisticatedstorage:chest	custom	accent-color,lime
dye-chest-dual-lime-purple	dye-chest	238	100	238	sophisticatedstorage:diamond_chest[facing=north,ticking=false,type=single,waterlogged=false]	sophisticatedstorage:chest	custom	dual-color,lime,purple
dye-chest-main-pink	dye-chest	241	100	238	sophisticatedstorage:diamond_chest[facing=north,ticking=false,type=single,waterlogged=false]	sophisticatedstorage:chest	custom	main-color,pink
dye-chest-accent-pink	dye-chest	244	100	238	sophisticatedstorage:diamond_chest[facing=north,ticking=false,type=single,waterlogged=false]	sophisticatedstorage:chest	custom	accent-color,pink
dye-chest-dual-pink-cyan	dye-chest	247	100	238	sophisticatedstorage:diamond_chest[facing=north,ticking=false,type=single,waterlogged=false]	sophisticatedstorage:chest	custom	dual-color,pink,cyan
dye-chest-main-gray	dye-chest	250	100	238	sophisticatedstorage:diamond_chest[facing=north,ticking=false,type=single,waterlogged=false]	sophisticatedstorage:chest	custom	main-color,gray
dye-chest-accent-gray	dye-chest	253	100	238	sophisticatedstorage:diamond_chest[facing=north,ticking=false,type=single,waterlogged=false]	sophisticatedstorage:chest	custom	accent-color,gray
dye-chest-dual-gray-light_gray	dye-chest	256	100	238	sophisticatedstorage:diamond_chest[facing=north,ticking=false,type=single,waterlogged=false]	sophisticatedstorage:chest	custom	dual-color,gray,light_gray
dye-chest-main-light_gray	dye-chest	259	100	238	sophisticatedstorage:diamond_chest[facing=north,ticking=false,type=single,waterlogged=false]	sophisticatedstorage:chest	custom	main-color,light_gray
dye-chest-accent-light_gray	dye-chest	196	100	241	sophisticatedstorage:diamond_chest[facing=north,ticking=false,type=single,waterlogged=false]	sophisticatedstorage:chest	custom	accent-color,light_gray
dye-chest-dual-light_gray-gray	dye-chest	199	100	241	sophisticatedstorage:diamond_chest[facing=north,ticking=false,type=single,waterlogged=false]	sophisticatedstorage:chest	custom	dual-color,light_gray,gray
dye-chest-main-cyan	dye-chest	202	100	241	sophisticatedstorage:diamond_chest[facing=north,ticking=false,type=single,waterlogged=false]	sophisticatedstorage:chest	custom	main-color,cyan
dye-chest-accent-cyan	dye-chest	205	100	241	sophisticatedstorage:diamond_chest[facing=north,ticking=false,type=single,waterlogged=false]	sophisticatedstorage:chest	custom	accent-color,cyan
dye-chest-dual-cyan-pink	dye-chest	208	100	241	sophisticatedstorage:diamond_chest[facing=north,ticking=false,type=single,waterlogged=false]	sophisticatedstorage:chest	custom	dual-color,cyan,pink
dye-chest-main-purple	dye-chest	211	100	241	sophisticatedstorage:diamond_chest[facing=north,ticking=false,type=single,waterlogged=false]	sophisticatedstorage:chest	custom	main-color,purple
dye-chest-accent-purple	dye-chest	214	100	241	sophisticatedstorage:diamond_chest[facing=north,ticking=false,type=single,waterlogged=false]	sophisticatedstorage:chest	custom	accent-color,purple
dye-chest-dual-purple-lime	dye-chest	217	100	241	sophisticatedstorage:diamond_chest[facing=north,ticking=false,type=single,waterlogged=false]	sophisticatedstorage:chest	custom	dual-color,purple,lime
dye-chest-main-blue	dye-chest	220	100	241	sophisticatedstorage:diamond_chest[facing=north,ticking=false,type=single,waterlogged=false]	sophisticatedstorage:chest	custom	main-color,blue
dye-chest-accent-blue	dye-chest	223	100	241	sophisticatedstorage:diamond_chest[facing=north,ticking=false,type=single,waterlogged=false]	sophisticatedstorage:chest	custom	accent-color,blue
dye-chest-dual-blue-yellow	dye-chest	226	100	241	sophisticatedstorage:diamond_chest[facing=north,ticking=false,type=single,waterlogged=false]	sophisticatedstorage:chest	custom	dual-color,blue,yellow
dye-chest-main-brown	dye-chest	229	100	241	sophisticatedstorage:diamond_chest[facing=north,ticking=false,type=single,waterlogged=false]	sophisticatedstorage:chest	custom	main-color,brown
dye-chest-accent-brown	dye-chest	232	100	241	sophisticatedstorage:diamond_chest[facing=north,ticking=false,type=single,waterlogged=false]	sophisticatedstorage:chest	custom	accent-color,brown
dye-chest-dual-brown-light_blue	dye-chest	235	100	241	sophisticatedstorage:diamond_chest[facing=north,ticking=false,type=single,waterlogged=false]	sophisticatedstorage:chest	custom	dual-color,brown,light_blue
dye-chest-main-green	dye-chest	238	100	241	sophisticatedstorage:diamond_chest[facing=north,ticking=false,type=single,waterlogged=false]	sophisticatedstorage:chest	custom	main-color,green
dye-chest-accent-green	dye-chest	241	100	241	sophisticatedstorage:diamond_chest[facing=north,ticking=false,type=single,waterlogged=false]	sophisticatedstorage:chest	custom	accent-color,green
dye-chest-dual-green-magenta	dye-chest	244	100	241	sophisticatedstorage:diamond_chest[facing=north,ticking=false,type=single,waterlogged=false]	sophisticatedstorage:chest	custom	dual-color,green,magenta
dye-chest-main-red	dye-chest	247	100	241	sophisticatedstorage:diamond_chest[facing=north,ticking=false,type=single,waterlogged=false]	sophisticatedstorage:chest	custom	main-color,red
dye-chest-accent-red	dye-chest	250	100	241	sophisticatedstorage:diamond_chest[facing=north,ticking=false,type=single,waterlogged=false]	sophisticatedstorage:chest	custom	accent-color,red
dye-chest-dual-red-orange	dye-chest	253	100	241	sophisticatedstorage:diamond_chest[facing=north,ticking=false,type=single,waterlogged=false]	sophisticatedstorage:chest	custom	dual-color,red,orange
dye-chest-main-black	dye-chest	256	100	241	sophisticatedstorage:diamond_chest[facing=north,ticking=false,type=single,waterlogged=false]	sophisticatedstorage:chest	custom	main-color,black
dye-chest-accent-black	dye-chest	259	100	241	sophisticatedstorage:diamond_chest[facing=north,ticking=false,type=single,waterlogged=false]	sophisticatedstorage:chest	custom	accent-color,black
dye-chest-dual-black-white	dye-chest	196	100	244	sophisticatedstorage:diamond_chest[facing=north,ticking=false,type=single,waterlogged=false]	sophisticatedstorage:chest	custom	dual-color,black,white
dye-shulker-main-white	dye-shulker	199	100	244	sophisticatedstorage:diamond_shulker_box[facing=up]	sophisticatedstorage:shulker_box	custom	main-color,white
dye-shulker-accent-white	dye-shulker	202	100	244	sophisticatedstorage:diamond_shulker_box[facing=up]	sophisticatedstorage:shulker_box	custom	accent-color,white
dye-shulker-dual-white-black	dye-shulker	205	100	244	sophisticatedstorage:diamond_shulker_box[facing=up]	sophisticatedstorage:shulker_box	custom	dual-color,white,black
dye-shulker-main-orange	dye-shulker	208	100	244	sophisticatedstorage:diamond_shulker_box[facing=up]	sophisticatedstorage:shulker_box	custom	main-color,orange
dye-shulker-accent-orange	dye-shulker	211	100	244	sophisticatedstorage:diamond_shulker_box[facing=up]	sophisticatedstorage:shulker_box	custom	accent-color,orange
dye-shulker-dual-orange-red	dye-shulker	214	100	244	sophisticatedstorage:diamond_shulker_box[facing=up]	sophisticatedstorage:shulker_box	custom	dual-color,orange,red
dye-shulker-main-magenta	dye-shulker	217	100	244	sophisticatedstorage:diamond_shulker_box[facing=up]	sophisticatedstorage:shulker_box	custom	main-color,magenta
dye-shulker-accent-magenta	dye-shulker	220	100	244	sophisticatedstorage:diamond_shulker_box[facing=up]	sophisticatedstorage:shulker_box	custom	accent-color,magenta
dye-shulker-dual-magenta-green	dye-shulker	223	100	244	sophisticatedstorage:diamond_shulker_box[facing=up]	sophisticatedstorage:shulker_box	custom	dual-color,magenta,green
dye-shulker-main-light_blue	dye-shulker	226	100	244	sophisticatedstorage:diamond_shulker_box[facing=up]	sophisticatedstorage:shulker_box	custom	main-color,light_blue
dye-shulker-accent-light_blue	dye-shulker	229	100	244	sophisticatedstorage:diamond_shulker_box[facing=up]	sophisticatedstorage:shulker_box	custom	accent-color,light_blue
dye-shulker-dual-light_blue-brown	dye-shulker	232	100	244	sophisticatedstorage:diamond_shulker_box[facing=up]	sophisticatedstorage:shulker_box	custom	dual-color,light_blue,brown
dye-shulker-main-yellow	dye-shulker	235	100	244	sophisticatedstorage:diamond_shulker_box[facing=up]	sophisticatedstorage:shulker_box	custom	main-color,yellow
dye-shulker-accent-yellow	dye-shulker	238	100	244	sophisticatedstorage:diamond_shulker_box[facing=up]	sophisticatedstorage:shulker_box	custom	accent-color,yellow
dye-shulker-dual-yellow-blue	dye-shulker	241	100	244	sophisticatedstorage:diamond_shulker_box[facing=up]	sophisticatedstorage:shulker_box	custom	dual-color,yellow,blue
dye-shulker-main-lime	dye-shulker	244	100	244	sophisticatedstorage:diamond_shulker_box[facing=up]	sophisticatedstorage:shulker_box	custom	main-color,lime
dye-shulker-accent-lime	dye-shulker	247	100	244	sophisticatedstorage:diamond_shulker_box[facing=up]	sophisticatedstorage:shulker_box	custom	accent-color,lime
dye-shulker-dual-lime-purple	dye-shulker	250	100	244	sophisticatedstorage:diamond_shulker_box[facing=up]	sophisticatedstorage:shulker_box	custom	dual-color,lime,purple
dye-shulker-main-pink	dye-shulker	253	100	244	sophisticatedstorage:diamond_shulker_box[facing=up]	sophisticatedstorage:shulker_box	custom	main-color,pink
dye-shulker-accent-pink	dye-shulker	256	100	244	sophisticatedstorage:diamond_shulker_box[facing=up]	sophisticatedstorage:shulker_box	custom	accent-color,pink
dye-shulker-dual-pink-cyan	dye-shulker	259	100	244	sophisticatedstorage:diamond_shulker_box[facing=up]	sophisticatedstorage:shulker_box	custom	dual-color,pink,cyan
dye-shulker-main-gray	dye-shulker	196	100	247	sophisticatedstorage:diamond_shulker_box[facing=up]	sophisticatedstorage:shulker_box	custom	main-color,gray
dye-shulker-accent-gray	dye-shulker	199	100	247	sophisticatedstorage:diamond_shulker_box[facing=up]	sophisticatedstorage:shulker_box	custom	accent-color,gray
dye-shulker-dual-gray-light_gray	dye-shulker	202	100	247	sophisticatedstorage:diamond_shulker_box[facing=up]	sophisticatedstorage:shulker_box	custom	dual-color,gray,light_gray
dye-shulker-main-light_gray	dye-shulker	205	100	247	sophisticatedstorage:diamond_shulker_box[facing=up]	sophisticatedstorage:shulker_box	custom	main-color,light_gray
dye-shulker-accent-light_gray	dye-shulker	208	100	247	sophisticatedstorage:diamond_shulker_box[facing=up]	sophisticatedstorage:shulker_box	custom	accent-color,light_gray
dye-shulker-dual-light_gray-gray	dye-shulker	211	100	247	sophisticatedstorage:diamond_shulker_box[facing=up]	sophisticatedstorage:shulker_box	custom	dual-color,light_gray,gray
dye-shulker-main-cyan	dye-shulker	214	100	247	sophisticatedstorage:diamond_shulker_box[facing=up]	sophisticatedstorage:shulker_box	custom	main-color,cyan
dye-shulker-accent-cyan	dye-shulker	217	100	247	sophisticatedstorage:diamond_shulker_box[facing=up]	sophisticatedstorage:shulker_box	custom	accent-color,cyan
dye-shulker-dual-cyan-pink	dye-shulker	220	100	247	sophisticatedstorage:diamond_shulker_box[facing=up]	sophisticatedstorage:shulker_box	custom	dual-color,cyan,pink
dye-shulker-main-purple	dye-shulker	223	100	247	sophisticatedstorage:diamond_shulker_box[facing=up]	sophisticatedstorage:shulker_box	custom	main-color,purple
dye-shulker-accent-purple	dye-shulker	226	100	247	sophisticatedstorage:diamond_shulker_box[facing=up]	sophisticatedstorage:shulker_box	custom	accent-color,purple
dye-shulker-dual-purple-lime	dye-shulker	229	100	247	sophisticatedstorage:diamond_shulker_box[facing=up]	sophisticatedstorage:shulker_box	custom	dual-color,purple,lime
dye-shulker-main-blue	dye-shulker	232	100	247	sophisticatedstorage:diamond_shulker_box[facing=up]	sophisticatedstorage:shulker_box	custom	main-color,blue
dye-shulker-accent-blue	dye-shulker	235	100	247	sophisticatedstorage:diamond_shulker_box[facing=up]	sophisticatedstorage:shulker_box	custom	accent-color,blue
dye-shulker-dual-blue-yellow	dye-shulker	238	100	247	sophisticatedstorage:diamond_shulker_box[facing=up]	sophisticatedstorage:shulker_box	custom	dual-color,blue,yellow
dye-shulker-main-brown	dye-shulker	241	100	247	sophisticatedstorage:diamond_shulker_box[facing=up]	sophisticatedstorage:shulker_box	custom	main-color,brown
dye-shulker-accent-brown	dye-shulker	244	100	247	sophisticatedstorage:diamond_shulker_box[facing=up]	sophisticatedstorage:shulker_box	custom	accent-color,brown
dye-shulker-dual-brown-light_blue	dye-shulker	247	100	247	sophisticatedstorage:diamond_shulker_box[facing=up]	sophisticatedstorage:shulker_box	custom	dual-color,brown,light_blue
dye-shulker-main-green	dye-shulker	250	100	247	sophisticatedstorage:diamond_shulker_box[facing=up]	sophisticatedstorage:shulker_box	custom	main-color,green
dye-shulker-accent-green	dye-shulker	253	100	247	sophisticatedstorage:diamond_shulker_box[facing=up]	sophisticatedstorage:shulker_box	custom	accent-color,green
dye-shulker-dual-green-magenta	dye-shulker	256	100	247	sophisticatedstorage:diamond_shulker_box[facing=up]	sophisticatedstorage:shulker_box	custom	dual-color,green,magenta
dye-shulker-main-red	dye-shulker	259	100	247	sophisticatedstorage:diamond_shulker_box[facing=up]	sophisticatedstorage:shulker_box	custom	main-color,red
dye-shulker-accent-red	dye-shulker	196	100	250	sophisticatedstorage:diamond_shulker_box[facing=up]	sophisticatedstorage:shulker_box	custom	accent-color,red
dye-shulker-dual-red-orange	dye-shulker	199	100	250	sophisticatedstorage:diamond_shulker_box[facing=up]	sophisticatedstorage:shulker_box	custom	dual-color,red,orange
dye-shulker-main-black	dye-shulker	202	100	250	sophisticatedstorage:diamond_shulker_box[facing=up]	sophisticatedstorage:shulker_box	custom	main-color,black
dye-shulker-accent-black	dye-shulker	205	100	250	sophisticatedstorage:diamond_shulker_box[facing=up]	sophisticatedstorage:shulker_box	custom	accent-color,black
dye-shulker-dual-black-white	dye-shulker	208	100	250	sophisticatedstorage:diamond_shulker_box[facing=up]	sophisticatedstorage:shulker_box	custom	dual-color,black,white
dye-backpack-main-white	dye-backpack	211	100	250	sophisticatedbackpacks:diamond_backpack[battery=false,facing=north,left_tank=false,open=false,right_tank=false,waterlogged=false]	sophisticatedbackpacks:backpack	custom	main-color,white
dye-backpack-accent-white	dye-backpack	214	100	250	sophisticatedbackpacks:diamond_backpack[battery=false,facing=north,left_tank=false,open=false,right_tank=false,waterlogged=false]	sophisticatedbackpacks:backpack	custom	accent-color,white
dye-backpack-dual-white-black	dye-backpack	217	100	250	sophisticatedbackpacks:diamond_backpack[battery=false,facing=north,left_tank=false,open=false,right_tank=false,waterlogged=false]	sophisticatedbackpacks:backpack	custom	dual-color,white,black
dye-backpack-main-orange	dye-backpack	220	100	250	sophisticatedbackpacks:diamond_backpack[battery=false,facing=north,left_tank=false,open=false,right_tank=false,waterlogged=false]	sophisticatedbackpacks:backpack	custom	main-color,orange
dye-backpack-accent-orange	dye-backpack	223	100	250	sophisticatedbackpacks:diamond_backpack[battery=false,facing=north,left_tank=false,open=false,right_tank=false,waterlogged=false]	sophisticatedbackpacks:backpack	custom	accent-color,orange
dye-backpack-dual-orange-red	dye-backpack	226	100	250	sophisticatedbackpacks:diamond_backpack[battery=false,facing=north,left_tank=false,open=false,right_tank=false,waterlogged=false]	sophisticatedbackpacks:backpack	custom	dual-color,orange,red
dye-backpack-main-magenta	dye-backpack	229	100	250	sophisticatedbackpacks:diamond_backpack[battery=false,facing=north,left_tank=false,open=false,right_tank=false,waterlogged=false]	sophisticatedbackpacks:backpack	custom	main-color,magenta
dye-backpack-accent-magenta	dye-backpack	232	100	250	sophisticatedbackpacks:diamond_backpack[battery=false,facing=north,left_tank=false,open=false,right_tank=false,waterlogged=false]	sophisticatedbackpacks:backpack	custom	accent-color,magenta
dye-backpack-dual-magenta-green	dye-backpack	235	100	250	sophisticatedbackpacks:diamond_backpack[battery=false,facing=north,left_tank=false,open=false,right_tank=false,waterlogged=false]	sophisticatedbackpacks:backpack	custom	dual-color,magenta,green
dye-backpack-main-light_blue	dye-backpack	238	100	250	sophisticatedbackpacks:diamond_backpack[battery=false,facing=north,left_tank=false,open=false,right_tank=false,waterlogged=false]	sophisticatedbackpacks:backpack	custom	main-color,light_blue
dye-backpack-accent-light_blue	dye-backpack	241	100	250	sophisticatedbackpacks:diamond_backpack[battery=false,facing=north,left_tank=false,open=false,right_tank=false,waterlogged=false]	sophisticatedbackpacks:backpack	custom	accent-color,light_blue
dye-backpack-dual-light_blue-brown	dye-backpack	244	100	250	sophisticatedbackpacks:diamond_backpack[battery=false,facing=north,left_tank=false,open=false,right_tank=false,waterlogged=false]	sophisticatedbackpacks:backpack	custom	dual-color,light_blue,brown
dye-backpack-main-yellow	dye-backpack	247	100	250	sophisticatedbackpacks:diamond_backpack[battery=false,facing=north,left_tank=false,open=false,right_tank=false,waterlogged=false]	sophisticatedbackpacks:backpack	custom	main-color,yellow
dye-backpack-accent-yellow	dye-backpack	250	100	250	sophisticatedbackpacks:diamond_backpack[battery=false,facing=north,left_tank=false,open=false,right_tank=false,waterlogged=false]	sophisticatedbackpacks:backpack	custom	accent-color,yellow
dye-backpack-dual-yellow-blue	dye-backpack	253	100	250	sophisticatedbackpacks:diamond_backpack[battery=false,facing=north,left_tank=false,open=false,right_tank=false,waterlogged=false]	sophisticatedbackpacks:backpack	custom	dual-color,yellow,blue
dye-backpack-main-lime	dye-backpack	256	100	250	sophisticatedbackpacks:diamond_backpack[battery=false,facing=north,left_tank=false,open=false,right_tank=false,waterlogged=false]	sophisticatedbackpacks:backpack	custom	main-color,lime
dye-backpack-accent-lime	dye-backpack	259	100	250	sophisticatedbackpacks:diamond_backpack[battery=false,facing=north,left_tank=false,open=false,right_tank=false,waterlogged=false]	sophisticatedbackpacks:backpack	custom	accent-color,lime
dye-backpack-dual-lime-purple	dye-backpack	196	100	253	sophisticatedbackpacks:diamond_backpack[battery=false,facing=north,left_tank=false,open=false,right_tank=false,waterlogged=false]	sophisticatedbackpacks:backpack	custom	dual-color,lime,purple
dye-backpack-main-pink	dye-backpack	199	100	253	sophisticatedbackpacks:diamond_backpack[battery=false,facing=north,left_tank=false,open=false,right_tank=false,waterlogged=false]	sophisticatedbackpacks:backpack	custom	main-color,pink
dye-backpack-accent-pink	dye-backpack	202	100	253	sophisticatedbackpacks:diamond_backpack[battery=false,facing=north,left_tank=false,open=false,right_tank=false,waterlogged=false]	sophisticatedbackpacks:backpack	custom	accent-color,pink
dye-backpack-dual-pink-cyan	dye-backpack	205	100	253	sophisticatedbackpacks:diamond_backpack[battery=false,facing=north,left_tank=false,open=false,right_tank=false,waterlogged=false]	sophisticatedbackpacks:backpack	custom	dual-color,pink,cyan
dye-backpack-main-gray	dye-backpack	208	100	253	sophisticatedbackpacks:diamond_backpack[battery=false,facing=north,left_tank=false,open=false,right_tank=false,waterlogged=false]	sophisticatedbackpacks:backpack	custom	main-color,gray
dye-backpack-accent-gray	dye-backpack	211	100	253	sophisticatedbackpacks:diamond_backpack[battery=false,facing=north,left_tank=false,open=false,right_tank=false,waterlogged=false]	sophisticatedbackpacks:backpack	custom	accent-color,gray
dye-backpack-dual-gray-light_gray	dye-backpack	214	100	253	sophisticatedbackpacks:diamond_backpack[battery=false,facing=north,left_tank=false,open=false,right_tank=false,waterlogged=false]	sophisticatedbackpacks:backpack	custom	dual-color,gray,light_gray
dye-backpack-main-light_gray	dye-backpack	217	100	253	sophisticatedbackpacks:diamond_backpack[battery=false,facing=north,left_tank=false,open=false,right_tank=false,waterlogged=false]	sophisticatedbackpacks:backpack	custom	main-color,light_gray
dye-backpack-accent-light_gray	dye-backpack	220	100	253	sophisticatedbackpacks:diamond_backpack[battery=false,facing=north,left_tank=false,open=false,right_tank=false,waterlogged=false]	sophisticatedbackpacks:backpack	custom	accent-color,light_gray
dye-backpack-dual-light_gray-gray	dye-backpack	223	100	253	sophisticatedbackpacks:diamond_backpack[battery=false,facing=north,left_tank=false,open=false,right_tank=false,waterlogged=false]	sophisticatedbackpacks:backpack	custom	dual-color,light_gray,gray
dye-backpack-main-cyan	dye-backpack	226	100	253	sophisticatedbackpacks:diamond_backpack[battery=false,facing=north,left_tank=false,open=false,right_tank=false,waterlogged=false]	sophisticatedbackpacks:backpack	custom	main-color,cyan
dye-backpack-accent-cyan	dye-backpack	229	100	253	sophisticatedbackpacks:diamond_backpack[battery=false,facing=north,left_tank=false,open=false,right_tank=false,waterlogged=false]	sophisticatedbackpacks:backpack	custom	accent-color,cyan
dye-backpack-dual-cyan-pink	dye-backpack	232	100	253	sophisticatedbackpacks:diamond_backpack[battery=false,facing=north,left_tank=false,open=false,right_tank=false,waterlogged=false]	sophisticatedbackpacks:backpack	custom	dual-color,cyan,pink
dye-backpack-main-purple	dye-backpack	235	100	253	sophisticatedbackpacks:diamond_backpack[battery=false,facing=north,left_tank=false,open=false,right_tank=false,waterlogged=false]	sophisticatedbackpacks:backpack	custom	main-color,purple
dye-backpack-accent-purple	dye-backpack	238	100	253	sophisticatedbackpacks:diamond_backpack[battery=false,facing=north,left_tank=false,open=false,right_tank=false,waterlogged=false]	sophisticatedbackpacks:backpack	custom	accent-color,purple
dye-backpack-dual-purple-lime	dye-backpack	241	100	253	sophisticatedbackpacks:diamond_backpack[battery=false,facing=north,left_tank=false,open=false,right_tank=false,waterlogged=false]	sophisticatedbackpacks:backpack	custom	dual-color,purple,lime
dye-backpack-main-blue	dye-backpack	244	100	253	sophisticatedbackpacks:diamond_backpack[battery=false,facing=north,left_tank=false,open=false,right_tank=false,waterlogged=false]	sophisticatedbackpacks:backpack	custom	main-color,blue
dye-backpack-accent-blue	dye-backpack	247	100	253	sophisticatedbackpacks:diamond_backpack[battery=false,facing=north,left_tank=false,open=false,right_tank=false,waterlogged=false]	sophisticatedbackpacks:backpack	custom	accent-color,blue
dye-backpack-dual-blue-yellow	dye-backpack	250	100	253	sophisticatedbackpacks:diamond_backpack[battery=false,facing=north,left_tank=false,open=false,right_tank=false,waterlogged=false]	sophisticatedbackpacks:backpack	custom	dual-color,blue,yellow
dye-backpack-main-brown	dye-backpack	253	100	253	sophisticatedbackpacks:diamond_backpack[battery=false,facing=north,left_tank=false,open=false,right_tank=false,waterlogged=false]	sophisticatedbackpacks:backpack	custom	main-color,brown
dye-backpack-accent-brown	dye-backpack	256	100	253	sophisticatedbackpacks:diamond_backpack[battery=false,facing=north,left_tank=false,open=false,right_tank=false,waterlogged=false]	sophisticatedbackpacks:backpack	custom	accent-color,brown
dye-backpack-dual-brown-light_blue	dye-backpack	259	100	253	sophisticatedbackpacks:diamond_backpack[battery=false,facing=north,left_tank=false,open=false,right_tank=false,waterlogged=false]	sophisticatedbackpacks:backpack	custom	dual-color,brown,light_blue
dye-backpack-main-green	dye-backpack	196	100	256	sophisticatedbackpacks:diamond_backpack[battery=false,facing=north,left_tank=false,open=false,right_tank=false,waterlogged=false]	sophisticatedbackpacks:backpack	custom	main-color,green
dye-backpack-accent-green	dye-backpack	199	100	256	sophisticatedbackpacks:diamond_backpack[battery=false,facing=north,left_tank=false,open=false,right_tank=false,waterlogged=false]	sophisticatedbackpacks:backpack	custom	accent-color,green
dye-backpack-dual-green-magenta	dye-backpack	202	100	256	sophisticatedbackpacks:diamond_backpack[battery=false,facing=north,left_tank=false,open=false,right_tank=false,waterlogged=false]	sophisticatedbackpacks:backpack	custom	dual-color,green,magenta
dye-backpack-main-red	dye-backpack	205	100	256	sophisticatedbackpacks:diamond_backpack[battery=false,facing=north,left_tank=false,open=false,right_tank=false,waterlogged=false]	sophisticatedbackpacks:backpack	custom	main-color,red
dye-backpack-accent-red	dye-backpack	208	100	256	sophisticatedbackpacks:diamond_backpack[battery=false,facing=north,left_tank=false,open=false,right_tank=false,waterlogged=false]	sophisticatedbackpacks:backpack	custom	accent-color,red
dye-backpack-dual-red-orange	dye-backpack	211	100	256	sophisticatedbackpacks:diamond_backpack[battery=false,facing=north,left_tank=false,open=false,right_tank=false,waterlogged=false]	sophisticatedbackpacks:backpack	custom	dual-color,red,orange
dye-backpack-main-black	dye-backpack	214	100	256	sophisticatedbackpacks:diamond_backpack[battery=false,facing=north,left_tank=false,open=false,right_tank=false,waterlogged=false]	sophisticatedbackpacks:backpack	custom	main-color,black
dye-backpack-accent-black	dye-backpack	217	100	256	sophisticatedbackpacks:diamond_backpack[battery=false,facing=north,left_tank=false,open=false,right_tank=false,waterlogged=false]	sophisticatedbackpacks:backpack	custom	accent-color,black
dye-backpack-dual-black-white	dye-backpack	220	100	256	sophisticatedbackpacks:diamond_backpack[battery=false,facing=north,left_tank=false,open=false,right_tank=false,waterlogged=false]	sophisticatedbackpacks:backpack	custom	dual-color,black,white
barrel-material-side	barrel-material-topology	223	100	256	sophisticatedstorage:diamond_barrel[facing=north,flat_top=false,opaque=true,open=false,ticking=false]	sophisticatedstorage:barrel	custom	barrel-material,side,minecraft:stone
barrel-material-side_trim	barrel-material-topology	226	100	256	sophisticatedstorage:diamond_barrel[facing=north,flat_top=false,opaque=true,open=false,ticking=false]	sophisticatedstorage:barrel	custom	barrel-material,side_trim,minecraft:gold_block
barrel-material-bottom	barrel-material-topology	229	100	256	sophisticatedstorage:diamond_barrel[facing=north,flat_top=false,opaque=true,open=false,ticking=false]	sophisticatedstorage:barrel	custom	barrel-material,bottom,minecraft:bricks
barrel-material-bottom_trim	barrel-material-topology	232	100	256	sophisticatedstorage:diamond_barrel[facing=north,flat_top=false,opaque=true,open=false,ticking=false]	sophisticatedstorage:barrel	custom	barrel-material,bottom_trim,minecraft:iron_block
barrel-material-top	barrel-material-topology	235	100	256	sophisticatedstorage:diamond_barrel[facing=north,flat_top=false,opaque=true,open=false,ticking=false]	sophisticatedstorage:barrel	custom	barrel-material,top,minecraft:diamond_block
barrel-material-top_trim	barrel-material-topology	238	100	256	sophisticatedstorage:diamond_barrel[facing=north,flat_top=false,opaque=true,open=false,ticking=false]	sophisticatedstorage:barrel	custom	barrel-material,top_trim,minecraft:copper_block
barrel-material-top_inner_trim	barrel-material-topology	241	100	256	sophisticatedstorage:diamond_barrel[facing=north,flat_top=false,opaque=true,open=false,ticking=false]	sophisticatedstorage:barrel	custom	barrel-material,top_inner_trim,minecraft:emerald_block
barrel-material-all	barrel-material-topology	244	100	256	sophisticatedstorage:diamond_barrel[facing=north,flat_top=false,opaque=true,open=false,ticking=false]	sophisticatedstorage:barrel	custom	barrel-material-aggregate,all,minecraft:stone
barrel-material-all_trim	barrel-material-topology	247	100	256	sophisticatedstorage:diamond_barrel[facing=north,flat_top=false,opaque=true,open=false,ticking=false]	sophisticatedstorage:barrel	custom	barrel-material-aggregate,all_trim,minecraft:gold_block
barrel-material-all_but_trim	barrel-material-topology	250	100	256	sophisticatedstorage:diamond_barrel[facing=north,flat_top=false,opaque=true,open=false,ticking=false]	sophisticatedstorage:barrel	custom	barrel-material-aggregate,all_but_trim,minecraft:bricks
barrel-material-top_all	barrel-material-topology	253	100	256	sophisticatedstorage:diamond_barrel[facing=north,flat_top=false,opaque=true,open=false,ticking=false]	sophisticatedstorage:barrel	custom	barrel-material-aggregate,top_all,minecraft:iron_block
barrel-material-side_all	barrel-material-topology	256	100	256	sophisticatedstorage:diamond_barrel[facing=north,flat_top=false,opaque=true,open=false,ticking=false]	sophisticatedstorage:barrel	custom	barrel-material-aggregate,side_all,minecraft:diamond_block
barrel-material-bottom_all	barrel-material-topology	259	100	256	sophisticatedstorage:diamond_barrel[facing=north,flat_top=false,opaque=true,open=false,ticking=false]	sophisticatedstorage:barrel	custom	barrel-material-aggregate,bottom_all,minecraft:copper_block
barrel-material-mixed-seven-leaf-parts	barrel-material-topology	196	100	259	sophisticatedstorage:diamond_barrel[facing=north,flat_top=false,opaque=true,open=false,ticking=false]	sophisticatedstorage:barrel	custom	barrel-material,mixed-seven-leaf-parts
barrel-material-transparent-glass	barrel-material-topology	199	100	259	sophisticatedstorage:diamond_barrel[facing=north,flat_top=false,opaque=false,open=false,ticking=false]	sophisticatedstorage:barrel	custom	barrel-material,transparent,opaque-false
limited-barrel-material-mixed-seven-leaf-parts	barrel-material-topology	202	100	259	sophisticatedstorage:limited_diamond_barrel_4[facing=north,flat_top=false,opaque=true,ticking=false,vertical_facing=no]	sophisticatedstorage:limited_barrel	custom	limited-barrel-material,mixed-seven-leaf-parts,distinct-limited-loader
simple-material-sophisticatedstorage-controller	simple-material-catalog	205	100	259	sophisticatedstorage:controller[opaque=true]	sophisticatedstorage:controller	custom	simple-material,minecraft:stone,overlay-visible
simple-material-sophisticatedstorage-storage-link	simple-material-catalog	208	100	259	sophisticatedstorage:storage_link[facing=up,opaque=true]	sophisticatedstorage:storage_link	custom	simple-material,minecraft:bricks,overlay-visible
simple-material-sophisticatedstorage-storage-io	simple-material-catalog	211	100	259	sophisticatedstorage:storage_io[opaque=true]	sophisticatedstorage:storage_io	custom	simple-material,minecraft:oak_planks,overlay-visible
simple-material-sophisticatedstorage-storage-input	simple-material-catalog	214	100	259	sophisticatedstorage:storage_input[opaque=true]	sophisticatedstorage:storage_input	custom	simple-material,minecraft:copper_block,overlay-visible
simple-material-sophisticatedstorage-storage-output	simple-material-catalog	217	100	259	sophisticatedstorage:storage_output[opaque=true]	sophisticatedstorage:storage_output	custom	simple-material,minecraft:deepslate_tiles,overlay-visible
simple-material-sophisticatedstorage-oak-storage-connector	simple-material-catalog	220	100	259	sophisticatedstorage:oak_storage_connector[opaque=true]	sophisticatedstorage:storage_connector	custom	simple-material,minecraft:quartz_block,overlay-visible
simple-material-sophisticatedstorage-spruce-storage-connector	simple-material-catalog	223	100	259	sophisticatedstorage:spruce_storage_connector[opaque=true]	sophisticatedstorage:storage_connector	custom	simple-material,minecraft:amethyst_block,overlay-visible
simple-material-sophisticatedstorage-birch-storage-connector	simple-material-catalog	226	100	259	sophisticatedstorage:birch_storage_connector[opaque=true]	sophisticatedstorage:storage_connector	custom	simple-material,minecraft:moss_block,overlay-visible
simple-material-sophisticatedstorage-jungle-storage-connector	simple-material-catalog	229	100	259	sophisticatedstorage:jungle_storage_connector[opaque=true]	sophisticatedstorage:storage_connector	custom	simple-material,minecraft:stone,overlay-visible
simple-material-sophisticatedstorage-acacia-storage-connector	simple-material-catalog	232	100	259	sophisticatedstorage:acacia_storage_connector[opaque=true]	sophisticatedstorage:storage_connector	custom	simple-material,minecraft:bricks,overlay-visible
simple-material-sophisticatedstorage-dark-oak-storage-connector	simple-material-catalog	235	100	259	sophisticatedstorage:dark_oak_storage_connector[opaque=true]	sophisticatedstorage:storage_connector	custom	simple-material,minecraft:oak_planks,overlay-visible
simple-material-sophisticatedstorage-mangrove-storage-connector	simple-material-catalog	238	100	259	sophisticatedstorage:mangrove_storage_connector[opaque=true]	sophisticatedstorage:storage_connector	custom	simple-material,minecraft:copper_block,overlay-visible
simple-material-sophisticatedstorage-cherry-storage-connector	simple-material-catalog	241	100	259	sophisticatedstorage:cherry_storage_connector[opaque=true]	sophisticatedstorage:storage_connector	custom	simple-material,minecraft:deepslate_tiles,overlay-visible
simple-material-sophisticatedstorage-bamboo-storage-connector	simple-material-catalog	244	100	259	sophisticatedstorage:bamboo_storage_connector[opaque=true]	sophisticatedstorage:storage_connector	custom	simple-material,minecraft:quartz_block,overlay-visible
simple-material-sophisticatedstorage-crimson-storage-connector	simple-material-catalog	247	100	259	sophisticatedstorage:crimson_storage_connector[opaque=true]	sophisticatedstorage:storage_connector	custom	simple-material,minecraft:amethyst_block,overlay-visible
simple-material-sophisticatedstorage-warped-storage-connector	simple-material-catalog	250	100	259	sophisticatedstorage:warped_storage_connector[opaque=true]	sophisticatedstorage:storage_connector	custom	simple-material,minecraft:moss_block,overlay-visible
simple-material-controller-overlay-hidden	simple-material-presentation	253	100	259	sophisticatedstorage:controller[opaque=true]	sophisticatedstorage:controller	custom	simple-material,overlay-hidden
simple-material-storage-io-glass	simple-material-presentation	256	100	259	sophisticatedstorage:storage_io[opaque=false]	sophisticatedstorage:storage_io	custom	simple-material,transparent,opaque-false
presentation-barrel-locked-visible	storage-presentation-controls	259	100	259	sophisticatedstorage:netherite_barrel[facing=north,flat_top=false,opaque=true,open=false,ticking=false]	sophisticatedstorage:barrel	custom	locked,lock-visible,tier-visible
presentation-barrel-locked-hidden	storage-presentation-controls	196	100	262	sophisticatedstorage:netherite_barrel[facing=north,flat_top=false,opaque=true,open=false,ticking=false]	sophisticatedstorage:barrel	custom	locked,lock-hidden,tier-visible
presentation-barrel-tier-hidden	storage-presentation-controls	199	100	262	sophisticatedstorage:netherite_barrel[facing=north,flat_top=false,opaque=true,open=false,ticking=false]	sophisticatedstorage:barrel	custom	unlocked,tier-hidden
presentation-limited-locked-visible	storage-presentation-controls	202	100	262	sophisticatedstorage:limited_netherite_barrel_4[facing=north,flat_top=false,opaque=true,ticking=false,vertical_facing=no]	sophisticatedstorage:limited_barrel	custom	locked,lock-visible,tier-visible
presentation-limited-locked-hidden	storage-presentation-controls	205	100	262	sophisticatedstorage:limited_netherite_barrel_4[facing=north,flat_top=false,opaque=true,ticking=false,vertical_facing=no]	sophisticatedstorage:limited_barrel	custom	locked,lock-hidden,tier-visible
presentation-limited-tier-hidden	storage-presentation-controls	208	100	262	sophisticatedstorage:limited_netherite_barrel_4[facing=north,flat_top=false,opaque=true,ticking=false,vertical_facing=no]	sophisticatedstorage:limited_barrel	custom	unlocked,tier-hidden
presentation-chest-locked-visible	storage-presentation-controls	211	100	262	sophisticatedstorage:netherite_chest[facing=north,ticking=false,type=single,waterlogged=false]	sophisticatedstorage:chest	custom	locked,lock-visible,tier-visible
presentation-chest-locked-hidden	storage-presentation-controls	214	100	262	sophisticatedstorage:netherite_chest[facing=north,ticking=false,type=single,waterlogged=false]	sophisticatedstorage:chest	custom	locked,lock-hidden,tier-visible
presentation-chest-tier-hidden	storage-presentation-controls	217	100	262	sophisticatedstorage:netherite_chest[facing=north,ticking=false,type=single,waterlogged=false]	sophisticatedstorage:chest	custom	unlocked,tier-hidden
presentation-shulker-locked-visible	storage-presentation-controls	220	100	262	sophisticatedstorage:netherite_shulker_box[facing=up]	sophisticatedstorage:shulker_box	custom	locked,lock-visible,tier-visible
presentation-shulker-locked-hidden	storage-presentation-controls	223	100	262	sophisticatedstorage:netherite_shulker_box[facing=up]	sophisticatedstorage:shulker_box	custom	locked,lock-hidden,tier-visible
presentation-shulker-tier-hidden	storage-presentation-controls	226	100	262	sophisticatedstorage:netherite_shulker_box[facing=up]	sophisticatedstorage:shulker_box	custom	unlocked,tier-hidden
packed-barrel-wood	packed-storage-tier-catalog	229	100	262	sophisticatedstorage:barrel[facing=north,flat_top=false,opaque=true,open=false,ticking=false]	sophisticatedstorage:barrel	custom	packed,tier,wood
packed-chest-wood	packed-storage-tier-catalog	232	100	262	sophisticatedstorage:chest[facing=north,ticking=false,type=single,waterlogged=false]	sophisticatedstorage:chest	custom	packed,tier,wood
packed-limited-wood	packed-storage-tier-catalog	235	100	262	sophisticatedstorage:limited_barrel_4[facing=north,flat_top=false,opaque=true,ticking=false,vertical_facing=no]	sophisticatedstorage:limited_barrel	custom	packed,limited-barrel,tier,wood
packed-barrel-copper	packed-storage-tier-catalog	238	100	262	sophisticatedstorage:copper_barrel[facing=north,flat_top=false,opaque=true,open=false,ticking=false]	sophisticatedstorage:barrel	custom	packed,tier,copper
packed-chest-copper	packed-storage-tier-catalog	241	100	262	sophisticatedstorage:copper_chest[facing=north,ticking=false,type=single,waterlogged=false]	sophisticatedstorage:chest	custom	packed,tier,copper
packed-limited-copper	packed-storage-tier-catalog	244	100	262	sophisticatedstorage:limited_copper_barrel_4[facing=north,flat_top=false,opaque=true,ticking=false,vertical_facing=no]	sophisticatedstorage:limited_barrel	custom	packed,limited-barrel,tier,copper
packed-barrel-iron	packed-storage-tier-catalog	247	100	262	sophisticatedstorage:iron_barrel[facing=north,flat_top=false,opaque=true,open=false,ticking=false]	sophisticatedstorage:barrel	custom	packed,tier,iron
packed-chest-iron	packed-storage-tier-catalog	250	100	262	sophisticatedstorage:iron_chest[facing=north,ticking=false,type=single,waterlogged=false]	sophisticatedstorage:chest	custom	packed,tier,iron
packed-limited-iron	packed-storage-tier-catalog	253	100	262	sophisticatedstorage:limited_iron_barrel_4[facing=north,flat_top=false,opaque=true,ticking=false,vertical_facing=no]	sophisticatedstorage:limited_barrel	custom	packed,limited-barrel,tier,iron
packed-barrel-gold	packed-storage-tier-catalog	256	100	262	sophisticatedstorage:gold_barrel[facing=north,flat_top=false,opaque=true,open=false,ticking=false]	sophisticatedstorage:barrel	custom	packed,tier,gold
packed-chest-gold	packed-storage-tier-catalog	259	100	262	sophisticatedstorage:gold_chest[facing=north,ticking=false,type=single,waterlogged=false]	sophisticatedstorage:chest	custom	packed,tier,gold
packed-limited-gold	packed-storage-tier-catalog	196	100	265	sophisticatedstorage:limited_gold_barrel_4[facing=north,flat_top=false,opaque=true,ticking=false,vertical_facing=no]	sophisticatedstorage:limited_barrel	custom	packed,limited-barrel,tier,gold
packed-barrel-diamond	packed-storage-tier-catalog	199	100	265	sophisticatedstorage:diamond_barrel[facing=north,flat_top=false,opaque=true,open=false,ticking=false]	sophisticatedstorage:barrel	custom	packed,tier,diamond
packed-chest-diamond	packed-storage-tier-catalog	202	100	265	sophisticatedstorage:diamond_chest[facing=north,ticking=false,type=single,waterlogged=false]	sophisticatedstorage:chest	custom	packed,tier,diamond
packed-limited-diamond	packed-storage-tier-catalog	205	100	265	sophisticatedstorage:limited_diamond_barrel_4[facing=north,flat_top=false,opaque=true,ticking=false,vertical_facing=no]	sophisticatedstorage:limited_barrel	custom	packed,limited-barrel,tier,diamond
packed-barrel-netherite	packed-storage-tier-catalog	208	100	265	sophisticatedstorage:netherite_barrel[facing=north,flat_top=false,opaque=true,open=false,ticking=false]	sophisticatedstorage:barrel	custom	packed,tier,netherite
packed-chest-netherite	packed-storage-tier-catalog	211	100	265	sophisticatedstorage:netherite_chest[facing=north,ticking=false,type=single,waterlogged=false]	sophisticatedstorage:chest	custom	packed,tier,netherite
packed-limited-netherite	packed-storage-tier-catalog	214	100	265	sophisticatedstorage:limited_netherite_barrel_4[facing=north,flat_top=false,opaque=true,ticking=false,vertical_facing=no]	sophisticatedstorage:limited_barrel	custom	packed,limited-barrel,tier,netherite
backpack-wood-north	backpack-tier-orientation	217	100	265	sophisticatedbackpacks:backpack[battery=false,facing=north,left_tank=false,open=false,right_tank=false,waterlogged=false]	sophisticatedbackpacks:backpack	custom	backpack-tier,wood,facing,north
backpack-wood-east	backpack-tier-orientation	220	100	265	sophisticatedbackpacks:backpack[battery=false,facing=east,left_tank=false,open=false,right_tank=false,waterlogged=false]	sophisticatedbackpacks:backpack	custom	backpack-tier,wood,facing,east
backpack-wood-south	backpack-tier-orientation	223	100	265	sophisticatedbackpacks:backpack[battery=false,facing=south,left_tank=false,open=false,right_tank=false,waterlogged=false]	sophisticatedbackpacks:backpack	custom	backpack-tier,wood,facing,south
backpack-wood-west	backpack-tier-orientation	226	100	265	sophisticatedbackpacks:backpack[battery=false,facing=west,left_tank=false,open=false,right_tank=false,waterlogged=false]	sophisticatedbackpacks:backpack	custom	backpack-tier,wood,facing,west
backpack-copper-north	backpack-tier-orientation	229	100	265	sophisticatedbackpacks:copper_backpack[battery=false,facing=north,left_tank=false,open=false,right_tank=false,waterlogged=false]	sophisticatedbackpacks:backpack	custom	backpack-tier,copper,facing,north
backpack-copper-east	backpack-tier-orientation	232	100	265	sophisticatedbackpacks:copper_backpack[battery=false,facing=east,left_tank=false,open=false,right_tank=false,waterlogged=false]	sophisticatedbackpacks:backpack	custom	backpack-tier,copper,facing,east
backpack-copper-south	backpack-tier-orientation	235	100	265	sophisticatedbackpacks:copper_backpack[battery=false,facing=south,left_tank=false,open=false,right_tank=false,waterlogged=false]	sophisticatedbackpacks:backpack	custom	backpack-tier,copper,facing,south
backpack-copper-west	backpack-tier-orientation	238	100	265	sophisticatedbackpacks:copper_backpack[battery=false,facing=west,left_tank=false,open=false,right_tank=false,waterlogged=false]	sophisticatedbackpacks:backpack	custom	backpack-tier,copper,facing,west
backpack-iron-north	backpack-tier-orientation	241	100	265	sophisticatedbackpacks:iron_backpack[battery=false,facing=north,left_tank=false,open=false,right_tank=false,waterlogged=false]	sophisticatedbackpacks:backpack	custom	backpack-tier,iron,facing,north
backpack-iron-east	backpack-tier-orientation	244	100	265	sophisticatedbackpacks:iron_backpack[battery=false,facing=east,left_tank=false,open=false,right_tank=false,waterlogged=false]	sophisticatedbackpacks:backpack	custom	backpack-tier,iron,facing,east
backpack-iron-south	backpack-tier-orientation	247	100	265	sophisticatedbackpacks:iron_backpack[battery=false,facing=south,left_tank=false,open=false,right_tank=false,waterlogged=false]	sophisticatedbackpacks:backpack	custom	backpack-tier,iron,facing,south
backpack-iron-west	backpack-tier-orientation	250	100	265	sophisticatedbackpacks:iron_backpack[battery=false,facing=west,left_tank=false,open=false,right_tank=false,waterlogged=false]	sophisticatedbackpacks:backpack	custom	backpack-tier,iron,facing,west
backpack-gold-north	backpack-tier-orientation	253	100	265	sophisticatedbackpacks:gold_backpack[battery=false,facing=north,left_tank=false,open=false,right_tank=false,waterlogged=false]	sophisticatedbackpacks:backpack	custom	backpack-tier,gold,facing,north
backpack-gold-east	backpack-tier-orientation	256	100	265	sophisticatedbackpacks:gold_backpack[battery=false,facing=east,left_tank=false,open=false,right_tank=false,waterlogged=false]	sophisticatedbackpacks:backpack	custom	backpack-tier,gold,facing,east
backpack-gold-south	backpack-tier-orientation	259	100	265	sophisticatedbackpacks:gold_backpack[battery=false,facing=south,left_tank=false,open=false,right_tank=false,waterlogged=false]	sophisticatedbackpacks:backpack	custom	backpack-tier,gold,facing,south
backpack-gold-west	backpack-tier-orientation	196	100	268	sophisticatedbackpacks:gold_backpack[battery=false,facing=west,left_tank=false,open=false,right_tank=false,waterlogged=false]	sophisticatedbackpacks:backpack	custom	backpack-tier,gold,facing,west
backpack-diamond-north	backpack-tier-orientation	199	100	268	sophisticatedbackpacks:diamond_backpack[battery=false,facing=north,left_tank=false,open=false,right_tank=false,waterlogged=false]	sophisticatedbackpacks:backpack	custom	backpack-tier,diamond,facing,north
backpack-diamond-east	backpack-tier-orientation	202	100	268	sophisticatedbackpacks:diamond_backpack[battery=false,facing=east,left_tank=false,open=false,right_tank=false,waterlogged=false]	sophisticatedbackpacks:backpack	custom	backpack-tier,diamond,facing,east
backpack-diamond-south	backpack-tier-orientation	205	100	268	sophisticatedbackpacks:diamond_backpack[battery=false,facing=south,left_tank=false,open=false,right_tank=false,waterlogged=false]	sophisticatedbackpacks:backpack	custom	backpack-tier,diamond,facing,south
backpack-diamond-west	backpack-tier-orientation	208	100	268	sophisticatedbackpacks:diamond_backpack[battery=false,facing=west,left_tank=false,open=false,right_tank=false,waterlogged=false]	sophisticatedbackpacks:backpack	custom	backpack-tier,diamond,facing,west
backpack-netherite-north	backpack-tier-orientation	211	100	268	sophisticatedbackpacks:netherite_backpack[battery=false,facing=north,left_tank=false,open=false,right_tank=false,waterlogged=false]	sophisticatedbackpacks:backpack	custom	backpack-tier,netherite,facing,north
backpack-netherite-east	backpack-tier-orientation	214	100	268	sophisticatedbackpacks:netherite_backpack[battery=false,facing=east,left_tank=false,open=false,right_tank=false,waterlogged=false]	sophisticatedbackpacks:backpack	custom	backpack-tier,netherite,facing,east
backpack-netherite-south	backpack-tier-orientation	217	100	268	sophisticatedbackpacks:netherite_backpack[battery=false,facing=south,left_tank=false,open=false,right_tank=false,waterlogged=false]	sophisticatedbackpacks:backpack	custom	backpack-tier,netherite,facing,south
backpack-netherite-west	backpack-tier-orientation	220	100	268	sophisticatedbackpacks:netherite_backpack[battery=false,facing=west,left_tank=false,open=false,right_tank=false,waterlogged=false]	sophisticatedbackpacks:backpack	custom	backpack-tier,netherite,facing,west
backpack-modules-north-000	backpack-module-presence	223	100	268	sophisticatedbackpacks:netherite_backpack[battery=false,facing=north,left_tank=false,open=false,right_tank=false,waterlogged=false]	sophisticatedbackpacks:backpack	custom	facing,left-tank-absent,right-tank-absent,battery-absent
backpack-modules-north-001	backpack-module-presence	226	100	268	sophisticatedbackpacks:netherite_backpack[battery=false,facing=north,left_tank=true,open=false,right_tank=false,waterlogged=false]	sophisticatedbackpacks:backpack	custom	facing,left-tank-present,right-tank-absent,battery-absent
backpack-modules-north-010	backpack-module-presence	229	100	268	sophisticatedbackpacks:netherite_backpack[battery=false,facing=north,left_tank=false,open=false,right_tank=true,waterlogged=false]	sophisticatedbackpacks:backpack	custom	facing,left-tank-absent,right-tank-present,battery-absent
backpack-modules-north-011	backpack-module-presence	232	100	268	sophisticatedbackpacks:netherite_backpack[battery=false,facing=north,left_tank=true,open=false,right_tank=true,waterlogged=false]	sophisticatedbackpacks:backpack	custom	facing,left-tank-present,right-tank-present,battery-absent
backpack-modules-north-100	backpack-module-presence	235	100	268	sophisticatedbackpacks:netherite_backpack[battery=true,facing=north,left_tank=false,open=false,right_tank=false,waterlogged=false]	sophisticatedbackpacks:backpack	custom	facing,left-tank-absent,right-tank-absent,battery-present
backpack-modules-north-101	backpack-module-presence	238	100	268	sophisticatedbackpacks:netherite_backpack[battery=true,facing=north,left_tank=true,open=false,right_tank=false,waterlogged=false]	sophisticatedbackpacks:backpack	custom	facing,left-tank-present,right-tank-absent,battery-present
backpack-modules-north-110	backpack-module-presence	241	100	268	sophisticatedbackpacks:netherite_backpack[battery=true,facing=north,left_tank=false,open=false,right_tank=true,waterlogged=false]	sophisticatedbackpacks:backpack	custom	facing,left-tank-absent,right-tank-present,battery-present
backpack-modules-north-111	backpack-module-presence	244	100	268	sophisticatedbackpacks:netherite_backpack[battery=true,facing=north,left_tank=true,open=false,right_tank=true,waterlogged=false]	sophisticatedbackpacks:backpack	custom	facing,left-tank-present,right-tank-present,battery-present
backpack-modules-east-000	backpack-module-presence	247	100	268	sophisticatedbackpacks:netherite_backpack[battery=false,facing=east,left_tank=false,open=false,right_tank=false,waterlogged=false]	sophisticatedbackpacks:backpack	custom	facing,left-tank-absent,right-tank-absent,battery-absent
backpack-modules-east-001	backpack-module-presence	250	100	268	sophisticatedbackpacks:netherite_backpack[battery=false,facing=east,left_tank=true,open=false,right_tank=false,waterlogged=false]	sophisticatedbackpacks:backpack	custom	facing,left-tank-present,right-tank-absent,battery-absent
backpack-modules-east-010	backpack-module-presence	253	100	268	sophisticatedbackpacks:netherite_backpack[battery=false,facing=east,left_tank=false,open=false,right_tank=true,waterlogged=false]	sophisticatedbackpacks:backpack	custom	facing,left-tank-absent,right-tank-present,battery-absent
backpack-modules-east-011	backpack-module-presence	256	100	268	sophisticatedbackpacks:netherite_backpack[battery=false,facing=east,left_tank=true,open=false,right_tank=true,waterlogged=false]	sophisticatedbackpacks:backpack	custom	facing,left-tank-present,right-tank-present,battery-absent
backpack-modules-east-100	backpack-module-presence	259	100	268	sophisticatedbackpacks:netherite_backpack[battery=true,facing=east,left_tank=false,open=false,right_tank=false,waterlogged=false]	sophisticatedbackpacks:backpack	custom	facing,left-tank-absent,right-tank-absent,battery-present
backpack-modules-east-101	backpack-module-presence	196	100	271	sophisticatedbackpacks:netherite_backpack[battery=true,facing=east,left_tank=true,open=false,right_tank=false,waterlogged=false]	sophisticatedbackpacks:backpack	custom	facing,left-tank-present,right-tank-absent,battery-present
backpack-modules-east-110	backpack-module-presence	199	100	271	sophisticatedbackpacks:netherite_backpack[battery=true,facing=east,left_tank=false,open=false,right_tank=true,waterlogged=false]	sophisticatedbackpacks:backpack	custom	facing,left-tank-absent,right-tank-present,battery-present
backpack-modules-east-111	backpack-module-presence	202	100	271	sophisticatedbackpacks:netherite_backpack[battery=true,facing=east,left_tank=true,open=false,right_tank=true,waterlogged=false]	sophisticatedbackpacks:backpack	custom	facing,left-tank-present,right-tank-present,battery-present
backpack-modules-south-000	backpack-module-presence	205	100	271	sophisticatedbackpacks:netherite_backpack[battery=false,facing=south,left_tank=false,open=false,right_tank=false,waterlogged=false]	sophisticatedbackpacks:backpack	custom	facing,left-tank-absent,right-tank-absent,battery-absent
backpack-modules-south-001	backpack-module-presence	208	100	271	sophisticatedbackpacks:netherite_backpack[battery=false,facing=south,left_tank=true,open=false,right_tank=false,waterlogged=false]	sophisticatedbackpacks:backpack	custom	facing,left-tank-present,right-tank-absent,battery-absent
backpack-modules-south-010	backpack-module-presence	211	100	271	sophisticatedbackpacks:netherite_backpack[battery=false,facing=south,left_tank=false,open=false,right_tank=true,waterlogged=false]	sophisticatedbackpacks:backpack	custom	facing,left-tank-absent,right-tank-present,battery-absent
backpack-modules-south-011	backpack-module-presence	214	100	271	sophisticatedbackpacks:netherite_backpack[battery=false,facing=south,left_tank=true,open=false,right_tank=true,waterlogged=false]	sophisticatedbackpacks:backpack	custom	facing,left-tank-present,right-tank-present,battery-absent
backpack-modules-south-100	backpack-module-presence	217	100	271	sophisticatedbackpacks:netherite_backpack[battery=true,facing=south,left_tank=false,open=false,right_tank=false,waterlogged=false]	sophisticatedbackpacks:backpack	custom	facing,left-tank-absent,right-tank-absent,battery-present
backpack-modules-south-101	backpack-module-presence	220	100	271	sophisticatedbackpacks:netherite_backpack[battery=true,facing=south,left_tank=true,open=false,right_tank=false,waterlogged=false]	sophisticatedbackpacks:backpack	custom	facing,left-tank-present,right-tank-absent,battery-present
backpack-modules-south-110	backpack-module-presence	223	100	271	sophisticatedbackpacks:netherite_backpack[battery=true,facing=south,left_tank=false,open=false,right_tank=true,waterlogged=false]	sophisticatedbackpacks:backpack	custom	facing,left-tank-absent,right-tank-present,battery-present
backpack-modules-south-111	backpack-module-presence	226	100	271	sophisticatedbackpacks:netherite_backpack[battery=true,facing=south,left_tank=true,open=false,right_tank=true,waterlogged=false]	sophisticatedbackpacks:backpack	custom	facing,left-tank-present,right-tank-present,battery-present
backpack-modules-west-000	backpack-module-presence	229	100	271	sophisticatedbackpacks:netherite_backpack[battery=false,facing=west,left_tank=false,open=false,right_tank=false,waterlogged=false]	sophisticatedbackpacks:backpack	custom	facing,left-tank-absent,right-tank-absent,battery-absent
backpack-modules-west-001	backpack-module-presence	232	100	271	sophisticatedbackpacks:netherite_backpack[battery=false,facing=west,left_tank=true,open=false,right_tank=false,waterlogged=false]	sophisticatedbackpacks:backpack	custom	facing,left-tank-present,right-tank-absent,battery-absent
backpack-modules-west-010	backpack-module-presence	235	100	271	sophisticatedbackpacks:netherite_backpack[battery=false,facing=west,left_tank=false,open=false,right_tank=true,waterlogged=false]	sophisticatedbackpacks:backpack	custom	facing,left-tank-absent,right-tank-present,battery-absent
backpack-modules-west-011	backpack-module-presence	238	100	271	sophisticatedbackpacks:netherite_backpack[battery=false,facing=west,left_tank=true,open=false,right_tank=true,waterlogged=false]	sophisticatedbackpacks:backpack	custom	facing,left-tank-present,right-tank-present,battery-absent
backpack-modules-west-100	backpack-module-presence	241	100	271	sophisticatedbackpacks:netherite_backpack[battery=true,facing=west,left_tank=false,open=false,right_tank=false,waterlogged=false]	sophisticatedbackpacks:backpack	custom	facing,left-tank-absent,right-tank-absent,battery-present
backpack-modules-west-101	backpack-module-presence	244	100	271	sophisticatedbackpacks:netherite_backpack[battery=true,facing=west,left_tank=true,open=false,right_tank=false,waterlogged=false]	sophisticatedbackpacks:backpack	custom	facing,left-tank-present,right-tank-absent,battery-present
backpack-modules-west-110	backpack-module-presence	247	100	271	sophisticatedbackpacks:netherite_backpack[battery=true,facing=west,left_tank=false,open=false,right_tank=true,waterlogged=false]	sophisticatedbackpacks:backpack	custom	facing,left-tank-absent,right-tank-present,battery-present
backpack-modules-west-111	backpack-module-presence	250	100	271	sophisticatedbackpacks:netherite_backpack[battery=true,facing=west,left_tank=true,open=false,right_tank=true,waterlogged=false]	sophisticatedbackpacks:backpack	custom	facing,left-tank-present,right-tank-present,battery-present
backpack-waterlogged-true	waterlogged-static-state	253	100	271	sophisticatedbackpacks:diamond_backpack[battery=false,facing=north,left_tank=false,open=false,right_tank=false,waterlogged=true]	sophisticatedbackpacks:backpack	custom	waterlogged,backpack-tier
